5,137,2,0,0,0,0,0,0,0,0,0,0,0,0,0,0,0,0,0,2,5,3,5,0,0,0,0,14,30,52,41,0,0,0,0,8,19,20,11,2,0,0,0,121,70,19,3,0,0,3,21,71,43,22,17,0,0,32,27,21,48,82,55,1,4,23,13,54,121,121,89,23,0,0,17,121,121,105,16,3,2,27,26,53,26,16,18,2,6,121,82,81,54,4,1,0,2,49,56,114,53,61,27,15,24,9,18,70,86,37,18,5,7,6,7,25,121,121,43,1,3,7,8,33,121,50,6,0,3,17,7
7,122,2,0,104,6,0,0,0,0,1,140,45,11,6,1,1,1,3,140,3,1,1,11,20,34,12,19,0,0,0,8,22,77,34,8,140,34,0,0,0,0,7,140,140,45,0,0,0,1,8,140,41,2,7,11,16,30,26,30,0,0,24,71,27,28,2,2,140,116,0,0,0,0,4,64,140,48,0,0,9,27,37,46,19,1,2,1,7,39,128,116,4,0,4,9,6,43,16,39,41,6,0,0,0,0,3,20,46,4,0,0,6,9,2,6,2,0,0,0,4,12,12,21,1,0,0,0,0,4,1,7
17,74,2,0,0,0,0,0,99,29,0,0,13,0,0,0,63,19,1,4,80,0,0,0,72,14,1,14,2,0,0,0,148,35,0,1,0,0,0,0,124,32,0,0,19,0,0,0,67,32,2,4,106,3,0,5,111,11,1,13,2,0,0,6,148,23,0,0,0,0,0,1,146,17,0,0,26,2,0,3,67,14,0,1,128,10,0,6,129,6,0,3,3,0,0,3,148,23,0,0,0,0,0,0,105,23,0,0,23,1,0,0,43,15,0,2,96,2,0,0,105,17,3,8,2,1,0,0,148,28,0,0
20,151,2,0,4,76,81,6,4,1,0,0,106,124,87,0,0,0,0,20,124,105,4,0,1,4,6,18,21,10,3,22,84,78,6,5,69,115,35,3,1,0,0,8,109,124,96,4,1,0,0,14,40,81,32,36,37,10,28,20,15,2,26,39,42,33,26,24,124,37,1,0,2,0,0,19,124,54,2,2,2,1,1,47,29,18,25,71,37,3,2,18,9,3,16,52,8,4,3,9,26,124,44,0,0,0,0,1,62,124,20,0,0,0,0,2,21,50,18,23,31,8,0,2,1,1,4,30,35,30,3,0
26,29,2,0,0,0,0,0,12,28,12,5,15,26,2,1,25,27,2,0,40,143,49,10,2,0,0,0,2,19,49,122,29,0,0,0,0,0,0,0,30,21,0,0,111,15,0,0,11,8,0,8,143,95,25,19,30,1,0,5,9,8,17,58,143,54,1,0,0,0,0,0,42,4,0,0,126,2,0,0,15,4,0,16,143,9,0,2,60,6,3,67,12,0,0,33,143,100,4,8,0,0,0,0,32,6,0,0,28,0,0,0,17,9,3,38,82,0,0,2,12,1,7,143,8,0,0,75,143,21,14,58
31,25,2,0,4,1,0,0,9,24,3,0,74,95,26,3,4,6,0,0,16,56,61,78,51,3,0,0,0,0,1,66,111,7,0,0,20,3,0,0,18,10,0,1,129,73,2,2,19,6,0,8,51,22,5,17,129,129,9,2,0,0,0,6,129,107,6,0,17,0,0,0,18,15,1,10,129,9,0,1,21,6,6,129,31,1,0,47,129,75,12,45,0,0,0,8,94,60,2,0,0,0,0,0,24,11,1,3,41,0,0,0,4,8,27,106,14,0,0,9,89,113,62,50,0,0,0,2,61,42,0,0
31,25,2,0,76,50,2,0,0,0,0,5,59,86,71,81,10,0,0,9,9,5,14,100,15,0,0,0,28,6,0,1,0,0,0,1,122,29,0,0,0,0,0,32,131,39,13,79,23,0,0,92,17,3,6,131,131,1,0,1,25,7,1,8,14,0,0,0,131,83,1,0,0,0,0,10,131,110,4,4,42,6,3,27,30,3,0,18,131,24,3,5,20,6,0,3,29,0,0,0,105,7,0,0,0,0,1,56,65,5,0,0,9,30,47,108,6,1,0,2,84,108,30,8,13,22,3,1,10,4,0,0
34,227,2,0,114,45,3,0,0,0,0,2,83,42,9,3,2,5,3,3,73,73,13,4,1,1,1,4,11,51,40,66,69,0,0,0,80,95,2,0,0,5,1,2,71,22,0,0,7,84,31,22,125,45,1,1,1,12,14,55,48,26,4,27,125,21,1,5,85,18,0,0,13,26,2,17,76,45,0,0,30,84,6,7,125,61,0,0,0,9,47,57,28,0,0,6,125,72,86,30,66,2,0,0,17,18,4,40,93,39,1,0,22,24,5,5,49,15,0,0,7,98,98,19,5,0,0,5,15,28,125,64
35,191,2,0,2,45,137,32,15,5,0,0,4,100,137,6,0,0,0,0,5,98,137,15,0,0,0,0,0,14,137,48,1,0,0,0,6,110,137,17,4,0,0,0,29,59,137,73,33,1,0,2,137,82,78,22,15,1,0,10,12,17,68,73,60,2,0,0,47,46,13,7,22,22,0,2,28,10,5,28,89,56,0,3,137,7,1,2,14,10,6,34,17,15,3,7,52,18,6,9,28,3,1,13,22,15,3,19,10,7,15,36,35,19,1,2,45,11,8,1,0,5,5,15,5,5,0,0,1,13,13,14
37,8,2,0,40,4,0,0,0,0,0,0,112,9,0,0,0,0,0,1,97,30,0,0,0,0,0,0,138,119,8,0,0,0,0,8,28,3,0,0,0,0,0,0,138,12,0,0,0,0,0,2,138,18,0,0,0,0,0,3,138,44,0,0,0,0,0,90,11,0,0,0,0,0,0,0,135,1,0,0,0,0,0,13,138,20,0,0,0,0,0,8,138,138,2,0,0,0,0,17,1,0,0,0,0,0,0,0,84,0,0,0,0,0,0,9,138,17,0,0,0,0,0,12,138,33,0,0,0,0,1,100
39,241,2,0,57,15,2,0,0,0,0,48,141,93,17,0,0,0,0,64,79,47,6,4,0,0,5,22,75,37,21,6,0,0,1,9,48,6,29,39,0,0,0,66,141,26,2,2,0,0,0,91,121,68,12,1,0,0,0,9,95,56,1,0,1,14,5,3,33,27,101,105,1,0,0,2,141,74,27,13,0,0,0,38,141,30,1,0,0,1,0,58,47,23,0,0,16,47,5,7,61,19,59,70,21,0,0,2,89,14,19,38,15,0,0,36,141,8,0,0,1,2,1,81,43,12,0,0,21,20,3,15
46,73,2,0,0,0,0,0,98,24,0,0,14,0,0,0,67,18,0,1,132,6,0,0,44,8,0,3,12,0,0,0,153,48,0,0,0,0,0,0,110,29,0,0,31,1,0,0,73,31,0,0,153,12,0,0,75,17,0,4,8,0,0,0,153,59,0,0,0,0,0,9,110,15,0,0,37,1,0,5,78,13,0,3,129,2,0,0,85,27,0,21,2,0,0,7,153,48,0,1,0,0,0,4,67,37,0,0,31,0,0,1,51,31,3,4,102,2,0,1,85,7,1,7,0,0,0,4,153,14,0,0
54,142,2,0,0,4,7,10,10,15,35,16,4,3,6,11,49,24,18,16,29,39,0,0,4,3,6,19,44,16,0,0,0,0,12,19,0,0,0,0,56,96,64,31,11,0,0,0,16,113,113,72,78,7,0,0,6,22,47,113,7,1,0,0,13,32,73,48,0,0,0,0,111,93,33,17,53,51,0,0,29,73,54,31,113,113,1,1,36,30,6,30,8,3,0,0,56,91,44,16,6,9,26,38,49,93,17,4,113,113,15,2,2,16,18,11,72,113,0,9,108,29,0,0,7,1,1,11,113,59,19,11
55,18,2,0,83,4,0,0,0,0,0,9,108,10,0,0,0,0,0,4,126,23,0,0,0,0,0,0,109,14,0,0,0,0,0,0,108,0,0,0,0,0,0,25,129,4,0,0,0,0,0,12,129,11,0,0,0,0,0,3,128,9,0,0,0,0,0,3,126,2,0,0,0,0,0,16,129,7,0,0,0,0,0,4,129,10,0,0,0,0,0,4,106,81,14,0,0,0,0,4,102,0,0,0,0,0,0,24,129,3,0,0,0,0,0,12,129,28,0,0,0,0,0,1,129,129,65,10,0,0,0,8
59,182,2,1,8,60,24,32,71,16,1,1,32,128,28,5,9,12,22,10,2,34,18,20,39,32,15,2,1,9,5,8,36,13,11,4,6,16,15,23,9,47,83,16,28,23,2,0,2,105,128,41,106,17,9,6,8,37,106,62,12,11,40,28,13,8,10,3,9,10,5,20,14,61,107,22,71,45,2,9,8,94,57,15,128,44,2,1,1,28,61,66,16,4,6,6,6,106,128,14,28,14,9,56,20,2,4,33,59,39,13,45,16,6,7,7,28,9,0,0,35,101,52,18,0,0,0,0,29,128,115,1
59,182,2,0,2,31,27,13,8,55,31,1,89,23,11,14,7,27,23,46,108,28,3,9,9,16,7,42,2,2,3,39,25,37,70,19,9,9,53,47,10,30,16,10,59,16,73,62,3,8,8,70,128,50,26,23,3,1,1,88,23,13,25,128,44,5,7,10,77,23,22,8,0,0,25,122,64,59,128,63,3,2,1,22,118,63,97,22,7,6,8,36,17,3,2,50,29,19,38,34,128,2,0,0,0,0,9,128,128,15,16,7,11,10,7,60,10,4,10,9,32,30,15,8,11,5,1,12,7,6,26,13
58,243,2,0,99,2,4,15,1,0,0,47,148,21,58,32,0,0,0,38,18,18,108,74,11,0,0,1,76,9,6,10,3,0,0,41,89,10,6,92,102,1,0,13,148,29,9,9,2,0,0,34,44,10,20,113,56,1,0,2,33,21,27,46,10,0,0,12,71,14,1,24,148,36,5,2,148,43,1,1,2,1,1,30,47,28,26,48,35,6,3,17,36,18,15,32,31,14,1,4,66,8,0,4,62,21,2,1,148,39,1,0,0,0,0,33,62,34,19,29,67,5,3,41,35,36,12,23,64,7,1,2
60,72,2,0,0,0,0,4,81,26,0,0,8,0,0,6,85,28,0,1,105,4,0,0,45,13,1,9,9,0,0,3,135,44,0,2,0,0,0,0,94,69,0,0,24,0,0,0,66,80,4,2,135,9,0,0,73,20,3,5,6,0,0,1,135,51,1,0,0,0,0,0,85,89,0,0,48,0,0,0,57,59,4,5,135,5,0,0,96,36,1,11,1,0,0,3,135,80,1,1,0,0,0,0,69,49,0,0,48,0,0,0,39,32,0,6,103,0,0,0,98,53,0,15,0,0,0,1,135,94,5,3
61,53,2,0,3,1,0,0,82,65,0,0,71,31,2,2,29,17,2,8,166,123,0,0,0,0,0,6,33,28,0,0,0,1,2,3,0,0,1,2,75,83,2,1,123,8,7,10,14,11,5,38,166,10,0,0,0,0,0,61,43,0,0,0,0,4,6,11,2,0,1,1,34,62,9,18,125,34,10,10,1,1,4,37,166,78,0,0,0,0,0,10,37,3,0,0,0,6,8,4,6,1,0,0,24,24,1,5,166,82,0,0,1,0,0,15,166,109,0,0,0,0,0,1,10,2,0,0,0,9,3,1
61,176,2,1,16,4,17,10,44,99,29,24,108,17,6,7,22,39,8,27,24,13,13,32,16,17,5,3,25,24,19,65,21,6,1,6,34,5,17,46,52,80,36,12,129,53,12,21,19,28,5,31,31,19,17,40,58,69,23,24,16,36,27,10,17,27,14,39,16,11,52,129,44,2,0,0,129,41,32,37,34,60,19,38,27,1,0,2,103,129,59,71,38,2,2,3,36,67,56,129,0,1,13,27,27,65,21,0,3,7,18,12,29,129,57,1,17,5,25,18,100,92,10,19,41,6,20,10,17,14,10,63
61,176,2,0,62,38,21,23,6,18,15,15,115,67,1,5,8,20,17,18,10,5,0,10,13,41,119,43,3,3,0,2,1,47,77,39,66,10,41,39,5,20,17,67,123,40,26,50,12,9,3,89,16,9,23,123,64,17,45,30,95,42,15,35,9,10,32,46,61,48,123,58,2,2,1,27,123,64,86,27,8,7,14,49,18,5,12,123,59,24,37,29,87,17,27,104,16,2,4,28,123,15,17,7,11,8,5,54,13,7,13,11,32,29,24,14,16,7,2,19,10,10,36,21,18,7,3,40,35,6,2,9
64,238,2,0,84,27,2,28,112,16,1,1,129,52,3,9,11,1,1,10,12,6,14,79,48,3,0,2,44,44,16,19,3,0,0,7,129,33,0,1,62,33,2,1,129,102,17,7,6,1,1,22,16,24,27,50,99,20,2,7,96,59,7,8,17,11,2,4,129,63,3,17,21,9,0,2,129,52,2,2,10,3,2,74,30,37,21,32,128,13,4,24,73,90,17,7,11,5,3,7,94,44,6,25,33,0,0,0,129,82,1,1,2,2,0,5,26,37,9,13,22,6,1,3,27,21,4,11,50,26,12,32
65,170,2,2,58,11,32,18,17,7,4,41,10,10,44,31,87,66,11,11,88,30,2,6,29,26,7,12,17,12,5,10,12,20,4,3,25,1,2,17,38,33,65,63,28,1,1,2,63,137,64,33,137,28,12,8,10,36,11,55,29,19,26,34,13,9,4,3,7,1,41,75,72,14,21,3,54,11,30,102,76,48,17,5,137,50,7,15,11,13,6,34,35,13,9,32,65,103,23,17,0,2,72,69,12,1,0,0,12,12,50,137,42,2,0,0,114,39,37,28,16,29,13,31,10,0,0,0,86,137,28,17
67,122,2,0,11,7,2,0,0,0,103,50,16,10,1,0,1,7,116,83,11,18,17,2,8,51,116,29,77,23,5,0,0,3,57,69,22,3,0,0,0,0,45,54,103,63,3,0,0,1,23,52,34,116,97,1,2,2,2,7,63,116,79,0,0,0,0,1,25,8,1,0,0,2,29,31,116,36,0,0,0,0,6,116,116,78,21,0,0,0,5,48,33,62,51,0,0,0,19,24,20,41,2,0,0,2,20,6,116,77,0,0,0,0,3,66,116,24,0,0,0,2,24,105,15,0,0,0,0,4,54,71
68,108,2,0,2,6,33,12,0,0,4,3,10,58,53,0,0,0,7,20,105,124,39,0,0,0,1,17,95,124,34,3,0,0,0,0,28,10,10,0,0,0,0,16,91,53,19,0,0,0,0,26,124,124,25,0,0,0,0,31,94,124,10,0,0,0,11,52,21,0,0,0,0,0,6,41,124,40,0,0,0,0,0,33,124,27,0,0,0,0,6,87,82,0,0,0,0,0,23,124,7,0,0,0,0,0,14,52,83,5,0,0,0,0,5,111,34,2,0,0,0,0,48,122,50,0,0,0,0,0,27,124
70,165,2,0,2,0,0,16,11,29,105,66,16,19,7,6,2,34,73,82,12,7,41,51,15,9,18,61,3,24,113,42,13,4,6,10,42,6,10,113,72,4,18,29,113,107,49,20,1,6,11,30,20,26,74,91,9,12,24,54,7,4,24,34,21,25,113,43,18,7,16,113,46,12,14,4,113,26,17,53,16,18,16,75,41,16,28,53,19,60,47,51,23,2,2,113,110,12,24,22,18,7,2,22,24,7,7,9,57,39,5,35,51,7,2,20,58,48,26,19,74,25,17,10,6,2,3,37,82,36,67,20
78,191,2,0,2,39,140,52,3,0,0,0,0,54,140,92,2,0,0,0,8,140,140,5,0,0,0,0,0,43,140,41,1,1,1,0,19,24,37,31,17,50,56,53,68,90,69,47,11,24,12,15,40,140,33,1,0,34,37,8,8,13,28,13,3,26,64,20,32,3,0,0,1,14,68,86,140,12,0,0,0,7,19,80,26,13,4,1,6,64,38,29,45,40,4,1,2,19,20,16,57,36,5,9,4,3,10,16,89,21,0,0,1,6,30,56,59,47,27,1,1,3,4,22,16,33,18,3,1,3,4,1
85,81,2,0,80,12,0,15,32,0,0,0,145,11,0,0,0,0,0,5,145,2,0,0,0,0,0,21,80,2,0,0,0,0,0,14,66,25,4,32,53,0,0,0,145,13,0,0,0,0,0,17,145,0,0,0,0,0,0,39,125,2,0,0,0,0,0,24,45,24,4,21,71,0,0,0,145,46,0,0,0,0,0,1,145,16,0,0,0,0,0,4,145,12,0,0,0,0,0,2,36,16,3,18,49,0,0,0,132,34,0,0,0,0,0,0,145,13,0,0,0,0,0,0,122,8,0,0,0,0,0,1
85,170,2,0,22,6,9,67,24,4,3,14,61,30,16,19,20,22,18,51,28,13,16,51,58,29,39,19,7,3,2,73,86,26,42,14,23,7,3,23,45,12,11,19,117,49,6,20,60,6,1,12,21,10,31,78,117,36,41,11,4,8,33,68,65,33,35,15,20,2,1,9,24,41,117,92,117,16,1,7,16,10,44,117,23,23,56,67,41,19,17,22,2,10,61,117,58,2,1,2,28,6,7,17,24,29,79,62,117,12,6,2,0,1,31,117,37,19,19,13,1,4,46,112,10,5,5,53,74,16,20,38
85,170,2,0,112,26,5,4,1,1,6,61,15,5,18,82,55,20,20,23,0,1,22,89,112,29,10,9,6,2,15,67,109,23,7,7,91,14,6,7,1,2,37,112,79,16,11,8,14,16,54,84,15,9,25,102,112,37,0,2,20,31,108,112,65,9,3,7,98,46,49,36,3,3,12,28,112,68,32,19,24,29,15,35,51,15,3,5,103,84,6,6,35,17,43,49,33,8,2,6,112,11,22,18,18,3,0,37,29,28,28,25,37,29,20,26,44,10,6,28,49,39,8,23,30,8,7,7,11,9,2,20
95,169,2,0,114,78,6,3,4,3,2,33,68,63,7,0,7,10,13,25,3,12,4,40,87,82,11,4,14,1,3,21,31,47,25,46,89,114,23,15,6,0,1,21,114,28,21,12,7,2,8,57,11,9,31,93,111,18,3,1,8,1,2,31,114,46,11,11,55,62,20,26,24,21,19,24,114,33,8,15,14,12,14,40,14,2,2,6,114,114,19,14,13,0,0,1,114,114,21,12,69,10,0,0,0,10,17,59,15,8,0,0,2,57,40,19,0,0,0,31,91,114,46,6,2,0,5,69,41,42,25,11
99,179,2,0,13,10,5,6,12,18,49,67,130,38,6,6,4,2,5,73,84,15,4,2,1,3,24,80,21,15,29,37,27,4,3,19,25,54,52,13,1,2,2,16,130,107,14,7,0,1,1,32,84,51,30,54,15,11,9,45,48,7,4,8,34,18,25,54,8,48,50,47,56,25,2,3,130,17,3,11,24,26,27,130,52,7,2,7,10,37,40,130,20,3,0,0,20,63,15,19,0,5,4,26,130,36,0,0,59,4,0,17,60,15,11,89,48,1,0,0,2,3,33,130,19,0,0,4,90,66,9,71
100,52,2,0,0,0,1,21,80,3,0,0,129,4,2,5,5,0,0,17,189,0,0,0,0,0,0,53,33,0,0,0,5,8,0,7,0,0,0,5,106,15,1,0,128,3,0,2,9,8,1,17,189,2,0,0,0,0,0,37,53,0,0,0,4,10,1,8,2,5,0,2,120,15,1,0,118,49,2,0,4,3,1,2,189,20,0,0,0,0,0,11,52,0,0,0,2,11,1,8,13,6,0,7,91,2,0,0,98,46,1,0,1,0,0,0,189,25,0,0,0,0,0,4,37,0,0,0,0,9,2,4
111,197,2,0,25,8,3,16,12,3,13,18,17,19,28,51,15,3,17,13,76,54,31,24,33,0,0,4,10,5,7,114,132,4,0,0,18,12,2,7,4,2,10,32,86,125,41,4,1,1,6,10,26,54,132,33,25,0,0,1,3,4,15,116,132,21,1,0,84,7,0,1,8,2,1,34,132,32,5,0,0,0,0,63,48,10,38,25,9,0,0,63,0,0,6,132,132,2,0,1,64,25,5,25,12,1,2,12,60,17,0,0,1,33,26,62,44,0,0,0,1,9,19,132,1,0,0,35,122,60,12,13
116,219,2,0,32,41,0,1,8,26,2,3,40,77,16,42,11,1,0,3,3,17,38,89,16,0,1,0,3,38,38,3,0,1,1,0,75,46,0,0,2,4,3,25,126,32,19,20,4,0,0,13,5,7,80,72,28,13,0,0,1,12,26,15,39,35,8,4,44,48,52,8,0,0,14,80,137,96,24,5,3,1,0,44,11,11,20,72,71,21,0,1,1,15,17,30,52,20,0,1,5,77,143,20,0,0,0,2,13,127,143,30,0,0,0,1,0,10,143,143,31,0,0,0,0,26,143,48,20,0,0,0
118,80,2,0,61,18,3,18,34,0,0,3,149,30,0,0,0,0,0,5,149,6,0,0,0,0,0,20,74,10,1,0,0,0,0,4,70,17,4,32,53,0,0,1,149,11,0,0,0,0,0,4,149,8,0,0,0,0,0,6,104,9,0,0,0,0,0,7,81,4,0,32,92,1,0,5,149,4,0,1,3,0,0,5,149,9,0,0,0,0,0,3,114,12,0,0,0,0,0,2,75,2,0,22,74,2,0,4,149,12,0,2,5,0,0,1,149,12,0,0,0,0,0,2,86,6,0,0,0,0,0,5
123,7,2,0,146,4,0,0,0,0,0,9,148,4,0,0,0,0,0,17,148,11,0,0,0,0,0,19,94,22,0,0,0,0,0,2,84,6,0,0,0,0,0,5,148,23,0,0,0,0,0,11,148,29,0,0,0,0,0,12,148,12,0,0,0,0,0,10,13,2,0,0,0,0,0,0,148,5,0,0,0,0,0,16,148,4,0,0,0,0,0,28,148,0,0,0,0,0,0,25,0,0,0,0,0,0,0,0,66,0,0,0,0,0,0,10,148,2,0,0,0,0,0,40,124,4,0,0,0,0,0,16
124,200,2,0,129,61,5,0,0,1,12,48,126,112,1,0,4,32,18,15,6,1,0,0,8,45,77,72,0,0,0,0,38,88,30,3,129,128,0,0,2,9,5,24,101,34,0,0,43,117,25,14,44,3,4,16,12,39,41,48,9,3,6,23,19,21,15,3,128,129,14,11,39,24,1,0,37,33,3,4,62,109,5,3,97,21,1,4,10,24,13,28,40,15,5,10,19,36,11,7,96,64,11,28,118,2,0,10,2,37,12,22,73,8,0,0,18,20,9,8,5,9,7,14,53,45,18,11,3,8,3,3
124,200,2,0,13,3,10,29,13,6,4,4,18,1,0,1,30,19,9,62,46,4,0,22,136,35,14,122,2,1,0,35,136,29,1,0,22,14,12,22,22,10,14,6,32,10,14,60,56,6,0,4,136,23,2,59,79,2,1,28,8,4,12,136,136,1,0,1,36,14,5,31,24,4,10,15,21,14,25,73,21,4,22,18,94,58,40,34,22,0,0,11,20,8,10,136,136,3,0,1,4,2,1,6,4,3,14,28,54,67,14,4,1,1,11,12,31,58,99,9,5,0,0,3,5,6,22,101,136,8,0,0
125,206,2,0,16,19,13,3,0,5,28,24,147,65,5,0,1,2,4,33,76,14,0,0,14,31,45,25,0,0,1,3,18,60,44,12,35,2,0,0,6,47,55,55,147,9,0,0,9,9,9,99,73,2,0,0,75,71,20,21,34,2,8,13,11,16,16,36,77,52,0,0,12,26,7,7,147,147,3,10,18,10,0,13,51,20,2,15,94,56,1,6,47,11,1,1,8,12,9,25,117,84,0,0,6,4,0,10,147,134,7,31,31,0,0,51,11,21,9,84,83,2,0,3,10,14,3,4,8,5,2,8
127,250,2,0,0,0,0,0,0,0,0,0,35,5,10,5,1,2,3,79,17,8,27,123,123,32,9,36,123,21,3,32,86,3,4,41,22,17,3,0,0,0,0,3,123,47,1,0,0,7,8,94,61,15,9,21,123,80,25,39,57,123,39,25,62,6,1,7,14,61,48,5,1,0,0,1,123,94,10,1,4,36,40,30,67,8,1,3,15,113,77,68,94,47,5,2,3,20,17,82,2,5,20,16,18,2,11,19,23,26,11,24,21,14,14,15,48,10,16,79,21,24,8,40,93,12,2,5,4,8,10,75
128,188,2,0,28,2,6,12,23,56,56,60,24,5,27,50,31,32,12,14,17,11,27,90,26,4,2,8,38,73,38,44,12,20,5,6,116,16,2,2,34,35,15,66,76,3,6,20,74,90,28,46,116,57,54,57,20,16,6,38,34,74,76,94,50,10,7,30,43,63,7,12,19,9,7,13,63,48,49,28,15,26,15,32,116,116,37,17,18,5,2,29,27,16,13,72,99,14,5,20,4,14,5,33,53,24,3,7,116,38,15,4,11,9,9,102,87,100,23,6,24,14,44,71,1,4,5,17,61,32,9,4
132,234,2,0,23,12,41,59,16,28,42,24,39,54,29,11,7,23,53,44,3,14,35,34,18,93,42,12,52,27,34,25,4,11,12,52,31,3,7,13,12,110,91,55,116,89,36,11,4,28,52,57,15,79,116,53,7,41,25,10,38,85,116,32,9,5,7,29,29,30,116,17,4,24,13,17,116,103,55,10,4,7,11,52,58,36,27,26,17,31,42,60,57,26,24,32,16,7,7,68,33,21,66,23,16,3,7,71,24,71,56,7,3,29,56,13,44,65,54,14,15,28,42,16,45,16,9,7,20,11,42,34
135,208,2,0,19,2,0,0,11,35,27,24,138,11,0,0,8,6,5,93,55,3,0,4,79,29,3,20,30,3,1,2,10,8,7,29,53,25,0,2,24,17,3,4,138,131,4,13,7,1,0,18,59,38,9,98,76,10,0,7,19,17,3,10,9,3,3,6,76,32,1,0,10,4,3,17,138,40,1,5,2,0,0,138,74,7,3,118,59,1,0,106,1,5,5,55,33,4,1,2,46,6,1,0,0,1,1,48,121,1,0,0,0,0,0,114,138,0,0,15,25,5,2,112,2,2,5,40,27,13,1,1
145,186,2,0,0,1,7,30,105,31,2,0,113,48,17,7,12,21,5,32,116,116,75,11,4,6,8,42,8,42,34,13,43,33,3,4,15,17,49,41,58,31,13,6,47,61,84,20,34,79,39,30,116,24,2,0,4,23,73,116,10,0,1,1,30,67,67,27,23,11,3,3,21,79,22,13,56,32,1,1,36,116,19,20,116,43,0,0,11,78,61,45,11,0,0,1,9,75,116,52,3,3,2,5,50,116,12,2,47,29,3,0,12,49,7,36,22,6,0,3,25,49,52,30,18,0,0,4,27,32,22,43
153,237,2,0,39,15,1,4,11,6,21,8,84,115,26,8,1,1,1,1,2,24,92,130,9,0,0,0,2,10,30,129,4,0,0,0,75,14,11,68,20,0,0,1,130,63,15,0,0,0,2,10,24,55,76,81,6,4,26,6,3,14,43,130,19,3,7,0,36,13,52,130,39,0,0,0,130,31,20,14,2,5,7,38,42,12,30,46,15,36,99,32,23,37,25,36,17,13,46,24,1,2,49,112,31,57,60,5,77,13,17,26,21,40,20,74,47,10,32,43,14,44,41,65,29,22,12,15,10,34,39,33
154,186,2,0,12,18,29,20,8,1,5,5,58,11,51,49,4,0,4,74,121,30,26,7,5,2,2,86,24,18,29,16,66,44,7,13,89,39,15,7,5,3,1,31,68,21,37,73,67,16,0,13,121,35,8,12,12,7,8,62,46,47,11,14,65,40,12,21,62,88,17,12,1,0,2,29,56,47,60,91,44,3,1,16,121,39,18,52,33,9,3,23,61,47,14,27,17,26,19,42,34,55,72,43,0,0,2,18,75,121,62,92,30,0,0,10,71,51,93,109,59,28,7,10,27,5,5,26,35,59,34,50
157,249,2,0,0,0,0,0,0,0,11,7,28,2,0,0,0,27,142,62,142,38,3,1,0,20,77,60,79,31,19,77,33,9,16,18,0,0,0,1,1,1,1,0,104,11,1,3,3,3,14,21,142,49,0,0,0,0,10,94,57,10,5,33,12,65,67,85,2,5,1,0,0,1,0,1,61,91,21,0,1,3,8,14,142,52,1,0,0,11,112,87,6,0,0,0,0,142,142,47,4,1,0,0,0,0,0,7,18,14,2,0,0,2,44,45,29,20,8,5,1,16,103,22,5,13,12,34,16,41,54,4
160,106,2,2,82,37,0,0,0,0,1,10,124,72,0,0,0,0,1,38,113,22,2,11,8,1,6,60,11,9,2,43,88,0,0,0,124,85,0,0,0,0,0,2,124,61,0,0,0,10,16,17,124,24,0,2,15,4,4,37,20,14,1,19,124,6,0,5,123,118,3,0,0,0,0,1,75,58,32,8,1,5,4,5,124,41,6,7,6,1,1,16,30,12,8,74,53,1,0,2,124,109,8,4,0,0,0,0,28,48,31,57,13,0,0,0,124,40,5,8,1,0,0,4,45,12,6,63,32,0,0,1
165,98,2,0,131,0,0,0,0,0,0,33,67,0,0,0,4,5,2,39,131,0,0,4,3,1,6,131,19,1,10,39,15,3,15,50,131,0,0,0,0,0,0,62,88,1,0,0,0,0,7,38,131,21,0,0,0,0,4,56,96,8,0,4,1,1,10,75,131,0,0,0,0,0,0,63,125,8,0,0,0,0,1,35,131,21,0,0,0,5,2,21,89,6,1,0,1,9,5,59,131,0,0,0,0,0,0,65,131,9,0,0,0,0,0,33,131,45,5,0,0,0,0,7,50,25,17,8,0,0,0,11
167,62,2,0,0,2,8,20,15,3,1,0,124,30,11,6,1,0,0,0,200,14,0,0,0,0,0,5,57,0,0,0,4,2,0,3,16,20,11,2,19,4,1,0,135,27,31,16,4,0,0,1,200,7,0,0,0,0,0,8,75,0,0,0,5,1,0,3,68,8,1,1,18,4,0,14,129,11,5,17,34,15,0,18,200,9,0,0,1,1,0,25,73,0,0,0,4,2,0,4,57,1,0,1,18,2,0,13,100,10,7,33,21,6,0,14,200,3,1,5,2,0,0,56,61,0,0,0,3,3,0,12
173,58,2,0,26,21,23,9,3,0,0,0,177,36,3,3,1,0,0,0,165,10,0,0,2,0,0,0,0,0,0,0,10,4,0,0,69,11,4,10,22,11,0,9,177,36,0,3,8,5,0,9,173,13,0,0,3,2,0,2,0,0,0,0,17,6,0,0,85,14,5,27,18,5,0,7,177,9,2,14,7,2,0,25,164,0,0,0,3,4,0,14,0,0,0,0,13,12,0,0,82,7,1,11,19,8,0,20,177,4,0,6,15,5,0,22,143,0,0,0,3,3,0,11,0,0,0,0,10,7,0,0
174,63,2,0,26,17,4,0,16,4,0,1,51,28,25,20,9,0,0,0,187,45,1,2,1,0,0,0,113,9,0,0,2,0,0,0,74,2,0,0,16,6,0,10,105,7,1,10,37,23,0,13,187,33,0,1,4,4,0,11,112,8,0,0,2,2,0,2,86,5,0,0,21,2,1,6,117,22,9,50,25,4,0,5,187,9,1,9,4,0,0,22,112,0,0,0,2,3,0,9,72,1,0,0,20,1,0,14,98,6,1,12,32,17,0,24,187,4,0,3,11,3,0,18,94,0,0,0,2,2,0,6
181,104,2,0,88,12,1,0,0,1,7,21,98,58,8,0,1,2,3,2,126,49,11,1,0,0,0,6,91,14,1,12,21,8,1,10,126,57,7,1,0,0,0,6,126,126,31,12,1,0,0,9,61,76,54,67,20,0,0,9,78,7,1,12,16,1,3,45,126,14,0,0,1,3,2,16,126,21,3,7,4,3,2,107,105,11,13,106,69,2,3,43,23,6,7,26,15,4,12,24,113,2,0,0,0,1,2,16,126,19,0,0,0,1,2,50,102,8,5,24,16,3,15,92,12,6,5,51,49,1,1,6
182,39,2,0,137,21,0,0,0,0,0,1,137,12,0,0,0,0,0,2,137,11,0,0,0,0,0,8,72,10,0,1,0,0,0,5,137,20,0,0,0,0,0,0,137,10,0,0,0,0,0,4,137,16,0,0,0,0,0,8,103,12,0,0,0,0,0,7,137,19,0,0,0,0,0,0,137,9,0,0,0,0,0,7,137,7,0,0,0,0,0,11,124,14,0,0,0,0,0,9,89,41,0,0,0,0,0,0,137,13,0,0,0,0,0,3,137,10,0,0,0,0,0,6,95,14,0,0,0,0,0,6
187,10,2,0,121,6,0,0,0,0,0,6,138,7,0,0,0,0,0,11,138,12,0,0,0,0,0,8,123,23,0,0,0,0,0,0,111,19,0,0,0,0,0,0,138,13,0,0,0,0,0,4,138,8,0,0,0,0,0,18,138,15,0,0,0,0,0,12,59,13,0,0,0,0,0,0,138,18,0,0,0,0,0,1,138,7,0,0,0,0,0,14,138,3,0,0,0,0,0,26,14,4,0,0,0,0,0,0,138,11,0,0,0,0,0,0,138,25,0,0,0,0,0,1,138,21,0,0,0,0,0,1
187,33,2,0,96,22,0,0,0,0,0,0,137,8,0,0,0,0,0,10,137,5,0,0,0,0,0,7,118,2,0,0,0,0,0,16,109,47,0,0,0,0,0,0,137,31,0,0,0,0,0,3,137,6,0,0,0,0,0,10,137,10,0,0,0,0,0,4,110,31,0,0,0,0,0,0,137,10,0,0,0,0,0,3,137,2,0,0,0,0,0,13,137,3,0,0,0,0,0,12,88,17,0,0,0,0,0,1,129,28,0,0,0,0,0,1,137,9,0,0,0,0,0,7,112,3,0,0,0,0,0,9
190,38,2,0,137,2,0,0,0,0,0,8,137,1,0,0,0,0,0,10,137,2,0,0,0,0,0,17,80,5,0,0,0,0,0,15,137,19,0,0,0,0,0,4,137,5,0,0,0,0,0,11,137,10,0,0,0,0,0,9,110,3,0,0,0,0,0,19,132,29,0,0,0,0,0,0,137,4,0,0,0,0,0,11,137,12,0,0,0,0,0,4,123,9,0,0,0,0,0,5,103,6,0,0,0,0,0,1,137,2,0,0,0,0,0,7,137,2,0,0,0,0,0,9,85,1,0,0,0,0,0,16
190,135,2,1,0,4,8,20,20,56,36,1,13,68,18,1,0,34,46,5,31,44,3,0,0,15,54,11,4,2,0,0,6,59,48,9,3,4,6,20,33,36,15,6,29,20,6,2,24,54,65,14,100,101,54,30,17,15,53,16,4,20,38,69,82,51,25,6,1,4,8,45,108,47,43,6,65,15,12,0,13,46,44,16,121,51,14,21,33,58,47,113,8,17,24,67,112,121,87,18,3,25,27,71,121,20,1,0,12,43,70,5,6,40,6,2,32,20,6,0,1,121,75,30,10,40,9,3,5,103,78,7
191,146,2,0,5,9,5,75,125,32,24,7,97,2,2,47,79,3,14,53,86,3,11,14,35,18,1,34,21,13,14,14,18,7,0,11,5,0,0,33,93,53,125,74,90,11,1,97,81,9,8,22,125,59,77,35,7,1,8,45,14,16,104,125,29,10,13,14,19,5,0,1,5,4,40,83,70,36,2,9,26,13,30,57,125,63,7,5,26,18,69,76,23,9,9,28,44,41,108,53,8,18,20,7,4,1,2,7,72,32,28,0,0,0,2,33,53,14,4,4,24,15,15,32,48,15,4,3,8,3,7,18
195,250,2,0,8,29,4,9,33,5,0,0,5,0,0,7,30,2,0,1,7,2,3,1,0,0,0,1,0,0,1,0,0,0,0,0,24,31,6,39,118,36,0,0,59,6,2,40,106,15,0,13,118,80,66,45,13,12,6,28,4,13,44,117,64,29,6,2,16,3,10,89,87,19,33,9,33,11,23,118,64,46,18,7,118,27,9,13,13,95,118,92,4,5,7,25,49,118,118,19,0,0,2,6,24,76,118,6,0,7,3,12,24,118,77,1,4,50,33,8,1,41,61,3,0,9,37,48,6,16,25,2
197,208,2,0,11,4,6,36,6,5,46,49,0,0,13,143,17,6,24,7,0,2,115,143,11,0,0,1,0,3,140,86,0,0,0,0,3,1,2,4,4,2,40,49,28,4,5,19,2,7,66,50,122,34,143,143,1,0,8,34,5,3,143,143,2,2,4,2,1,1,10,25,15,4,1,2,69,31,1,2,8,7,8,16,143,28,3,3,1,3,42,59,7,0,34,30,3,6,48,51,5,2,14,59,8,1,0,2,28,6,27,32,2,1,0,23,21,11,9,0,0,0,49,55,7,9,7,0,0,0,32,67
198,198,2,0,49,5,6,23,109,35,1,11,10,3,4,24,88,36,37,72,58,3,5,5,3,14,55,98,28,2,30,33,2,10,75,40,106,6,3,52,77,111,76,24,16,0,0,39,111,111,50,27,111,13,0,2,8,14,18,66,29,6,5,28,33,24,56,12,52,8,3,30,61,111,81,17,33,31,18,7,10,65,56,7,111,45,4,0,2,27,18,22,70,25,22,20,9,22,24,42,14,15,4,50,108,15,1,1,46,34,8,4,14,8,4,9,40,19,3,1,6,53,25,14,96,8,2,2,6,31,14,103
210,112,2,0,35,7,0,0,1,1,2,32,41,26,5,1,13,12,5,20,133,133,1,0,2,1,0,4,133,52,12,5,0,0,0,108,40,71,5,0,1,0,0,2,65,86,36,20,1,0,0,4,133,43,3,2,0,0,2,51,100,6,4,4,0,0,11,133,128,61,5,2,0,0,0,6,72,44,27,68,33,0,0,7,133,48,7,13,6,0,0,20,60,55,47,28,2,0,1,22,79,11,3,0,0,0,0,31,69,7,2,12,22,2,4,47,133,82,2,5,5,0,0,1,86,59,15,16,19,1,1,11
210,224,2,0,51,16,0,0,0,2,2,5,136,58,0,0,0,0,0,4,136,36,5,24,14,1,1,3,3,3,2,27,46,4,0,1,43,77,18,0,0,0,0,1,136,136,8,0,0,0,0,15,97,75,16,30,23,14,7,15,10,3,3,20,59,23,2,2,37,32,7,0,0,0,5,20,136,32,3,0,0,0,0,136,109,8,12,68,21,1,9,112,3,3,53,77,13,1,1,3,35,2,0,0,0,0,3,12,100,4,0,0,0,0,8,93,61,1,2,5,1,1,77,136,37,8,45,20,5,0,7,105
210,147,2,0,50,10,6,5,23,7,2,36,59,38,61,31,0,0,0,23,71,71,22,4,2,9,10,16,27,25,14,7,20,43,20,31,76,31,22,65,44,6,1,15,110,104,42,8,1,0,0,26,16,44,47,49,38,6,4,7,32,88,15,6,5,1,3,5,30,16,22,101,77,60,5,13,110,27,6,3,4,19,40,110,49,33,4,20,38,64,105,89,57,71,13,7,34,33,8,47,43,28,1,2,17,80,22,9,30,34,10,7,68,64,25,24,110,1,0,0,30,81,85,110,110,13,7,5,13,21,9,85
211,193,2,0,9,29,22,9,5,11,25,9,89,125,7,1,0,9,19,8,37,42,7,13,28,15,28,12,0,1,4,40,42,20,53,25,30,60,15,3,1,5,14,9,62,48,4,0,0,57,75,31,125,84,30,35,20,21,30,47,6,16,22,125,113,43,2,2,11,8,29,45,4,8,13,6,61,50,26,46,4,26,28,8,125,83,4,5,49,72,21,57,6,3,1,7,104,125,15,7,60,4,7,16,3,14,24,42,44,62,30,35,6,5,15,23,73,74,4,2,87,101,7,7,0,3,5,7,93,105,0,0
213,127,2,1,20,76,7,0,0,0,0,0,87,113,12,27,10,0,0,0,3,16,15,111,75,3,0,0,0,6,25,34,13,2,0,0,53,55,9,0,0,0,0,5,140,140,24,42,13,1,0,9,19,27,23,140,140,8,0,1,1,4,5,30,62,8,7,3,53,6,1,3,1,0,0,25,140,13,0,4,19,17,18,140,24,3,0,21,140,85,22,35,10,8,2,9,93,9,1,1,8,8,12,26,6,0,0,5,59,1,1,4,2,7,21,120,3,0,0,2,72,73,39,40,5,3,1,8,40,10,1,1
213,127,2,0,32,10,1,1,8,6,1,5,79,82,32,26,2,0,0,1,2,12,25,112,67,1,0,2,11,1,0,5,13,4,8,26,80,17,3,2,7,9,2,7,138,118,18,26,21,4,0,16,21,24,19,138,138,19,0,3,2,0,0,21,59,6,2,5,62,9,6,3,1,5,8,32,138,13,0,0,19,36,24,138,14,1,0,5,138,138,23,30,0,0,0,5,49,48,9,0,18,4,0,0,0,4,20,32,91,5,0,0,6,28,14,90,5,0,0,0,70,136,12,15,0,0,0,0,8,74,16,0
217,88,2,0,159,5,0,0,0,0,0,8,142,33,0,0,0,0,0,1,99,40,0,0,0,0,0,0,14,7,3,2,0,0,0,0,159,2,0,0,0,0,0,20,159,24,0,0,0,0,0,14,113,29,0,0,0,0,0,5,16,8,2,1,0,0,0,2,159,10,0,0,0,0,0,7,159,4,0,0,0,0,0,19,131,10,0,0,0,0,0,11,21,16,6,4,1,0,0,0,159,9,0,0,0,0,0,2,159,5,0,0,0,0,0,9,123,9,0,0,0,0,0,9,23,8,2,1,1,0,0,0
217,224,2,0,19,24,21,4,0,0,0,7,81,142,41,4,0,0,0,0,35,142,63,11,7,2,3,2,10,32,3,6,36,36,7,3,66,48,0,0,0,0,0,4,142,118,2,1,4,0,0,20,80,36,8,29,96,12,3,8,4,9,1,16,34,47,7,1,37,53,11,0,0,3,4,7,142,32,1,0,2,3,3,142,122,13,18,80,39,1,0,61,1,8,13,91,32,3,0,0,16,14,2,0,0,5,17,14,142,43,0,0,0,4,4,20,142,19,8,22,16,12,1,17,0,0,4,50,83,21,0,0
221,21,2,0,113,0,0,0,0,0,0,18,125,4,0,0,0,0,0,25,125,1,0,0,0,0,0,51,125,0,0,0,0,0,0,38,125,2,0,0,0,0,0,15,125,19,0,0,0,0,0,5,125,15,0,0,0,0,0,23,125,0,0,0,0,0,0,51,125,3,0,0,0,0,0,13,125,1,0,0,0,0,0,28,125,7,0,0,0,0,0,16,125,4,0,0,0,0,0,13,117,0,0,0,0,0,0,27,125,0,0,0,0,0,0,32,125,1,0,0,0,0,0,20,125,10,0,0,0,0,0,2
223,154,2,0,47,69,7,7,12,3,9,6,14,28,36,52,25,8,22,21,4,6,27,40,57,62,21,29,4,1,10,8,14,25,25,32,57,44,4,9,7,6,10,37,18,9,25,51,18,18,73,24,82,55,115,107,28,4,22,25,6,12,100,115,31,9,4,7,94,8,6,29,8,2,2,105,45,13,17,102,42,8,8,41,115,37,24,29,8,15,64,92,13,7,15,115,102,64,99,27,34,10,43,102,7,0,1,53,66,49,55,19,12,4,3,46,7,6,55,88,25,13,29,16,2,1,13,38,18,20,54,35
225,162,2,0,0,0,16,94,44,1,0,0,9,15,30,45,3,0,0,4,76,122,31,6,0,2,2,5,17,105,57,69,44,5,0,0,7,10,16,85,106,22,3,2,37,18,25,32,44,24,2,10,122,122,12,7,5,15,32,77,41,41,17,76,85,107,68,22,18,29,66,18,69,62,25,16,21,46,119,50,36,20,3,8,118,81,21,14,34,24,32,60,25,34,3,8,25,73,76,15,45,18,20,1,1,10,83,40,16,20,19,18,48,22,27,31,51,49,9,21,28,8,16,29,21,28,9,21,19,19,13,5
229,13,2,0,132,3,0,0,0,0,0,26,133,6,0,0,0,0,0,7,133,3,0,0,0,0,0,9,133,3,0,0,0,0,0,11,133,8,0,0,0,0,0,20,133,2,0,0,0,0,0,22,133,9,0,0,0,0,0,9,133,17,0,0,0,0,0,15,87,7,0,0,0,0,0,15,133,15,0,0,0,0,0,14,133,20,0,0,0,0,0,3,133,22,0,0,0,0,0,3,22,7,0,0,0,0,0,0,133,8,0,0,0,0,0,11,133,1,0,0,0,0,0,14,131,2,0,0,0,0,0,9
228,24,2,0,122,3,0,0,0,0,0,4,127,4,0,0,0,0,0,11,127,10,0,0,0,0,0,3,127,6,0,0,0,0,0,14,127,5,0,0,0,0,0,4,127,8,0,0,0,0,0,18,127,2,0,0,0,0,0,29,127,4,0,0,0,0,0,14,127,13,0,0,0,0,0,1,127,46,0,0,0,0,0,0,127,21,0,0,0,0,0,21,127,0,0,0,0,0,0,32,125,15,0,0,0,0,0,0,127,21,0,0,0,0,0,1,112,26,0,0,0,0,0,1,127,8,0,0,0,0,0,8
232,125,2,0,74,3,0,2,7,0,1,26,149,10,0,9,17,0,1,60,22,2,0,40,149,7,1,6,0,3,5,9,97,8,0,0,85,28,5,13,7,0,0,2,149,61,3,5,14,3,0,19,34,9,4,44,149,17,0,4,0,12,27,24,89,2,0,0,76,30,3,7,4,0,0,0,149,25,0,1,12,16,1,44,24,1,0,6,149,87,2,16,1,10,9,11,54,16,4,0,49,56,1,2,2,0,0,0,149,94,2,19,16,2,0,2,9,11,7,69,110,16,0,1,0,7,35,29,17,6,1,0
238,100,2,2,155,49,0,0,0,0,0,1,145,42,2,1,7,17,1,2,50,27,1,3,14,17,1,1,58,30,2,3,2,1,0,1,155,93,0,0,0,0,0,1,112,33,0,0,30,54,3,5,141,14,0,0,5,21,4,18,85,24,3,5,15,2,0,6,155,76,0,0,1,1,0,5,73,19,15,11,36,18,0,7,129,51,7,2,4,2,0,9,93,30,2,9,14,1,0,4,155,111,1,0,0,0,0,0,33,28,28,16,1,0,0,0,92,51,12,5,0,0,0,0,63,35,6,16,18,0,0,1
238,121,2,0,2,2,1,7,12,4,3,1,108,2,0,0,3,4,9,26,150,27,17,25,25,3,0,14,2,1,6,80,103,14,0,0,5,1,1,10,46,4,0,0,137,4,0,4,21,3,2,33,150,18,0,20,54,3,0,51,7,1,0,33,150,23,0,1,6,3,1,26,33,0,0,0,121,41,6,20,18,0,0,5,150,73,3,10,55,8,1,21,9,5,7,26,150,17,0,1,4,3,2,21,27,0,0,0,91,46,3,8,8,0,0,0,150,34,0,3,37,30,1,26,3,3,3,8,116,48,2,3
238,150,2,0,115,35,3,0,0,0,5,20,105,34,38,115,8,17,17,24,90,58,65,115,20,19,15,15,72,36,17,28,50,14,33,26,115,56,48,10,1,4,7,22,56,25,1,18,28,108,81,35,115,44,21,31,17,40,50,32,19,51,70,64,27,27,57,21,30,15,28,15,9,17,22,17,46,21,14,75,61,13,4,15,115,43,14,30,14,7,13,46,22,19,48,42,15,60,49,18,40,7,10,46,4,5,14,29,43,15,18,37,19,36,11,24,33,9,14,27,14,31,47,101,28,13,41,34,7,5,30,115
238,85,2,0,141,0,0,1,11,0,0,11,135,2,0,0,0,0,0,10,135,0,0,0,0,0,0,17,68,3,0,0,1,2,0,4,141,2,0,3,20,0,0,10,141,6,2,3,1,0,0,7,141,2,0,0,0,0,0,13,89,3,0,0,6,4,0,5,141,1,0,2,27,0,0,36,141,10,8,7,0,0,0,25,141,18,2,1,0,0,0,5,78,3,1,1,3,0,0,13,141,0,0,2,17,1,0,35,141,3,0,0,0,0,0,47,110,24,0,0,0,0,0,1,59,14,1,0,0,0,0,1
243,162,2,0,24,23,15,50,68,57,62,68,29,83,10,18,24,55,31,33,21,12,16,40,20,41,50,19,15,6,7,14,12,86,36,10,18,7,21,34,78,41,55,69,50,5,0,2,21,124,81,105,124,36,15,15,7,68,44,42,12,14,50,78,18,27,13,2,12,30,9,15,85,73,5,3,77,34,8,45,116,39,7,9,124,24,0,4,15,60,22,43,10,0,2,5,9,124,74,6,36,62,8,15,52,17,1,3,30,23,5,29,115,32,3,5,72,7,0,5,10,28,32,49,0,0,0,8,14,48,15,2
245,234,2,0,20,0,0,0,1,10,16,27,83,0,0,0,1,3,4,107,92,0,0,0,0,0,3,141,61,0,2,60,34,0,1,141,31,0,0,0,0,1,26,50,141,15,3,1,1,1,9,21,99,11,9,8,8,1,1,122,141,2,2,7,2,0,0,141,49,58,6,0,0,0,8,24,141,30,5,1,3,0,1,5,79,3,1,11,47,4,0,21,141,0,0,1,3,0,0,103,54,48,6,0,0,0,0,3,128,20,5,2,0,0,0,2,46,3,1,21,23,0,0,2,17,0,0,2,2,0,0,9
251,104,2,0,2,1,0,0,0,0,0,0,4,0,0,0,0,0,0,1,16,5,1,0,0,0,0,1,8,1,1,0,0,0,0,5,175,42,4,2,0,0,0,20,63,19,6,22,15,2,1,18,175,25,3,4,5,1,0,35,33,6,3,6,9,4,10,26,175,27,5,3,5,6,0,64,100,29,7,26,60,31,1,5,175,55,4,5,5,2,0,15,20,9,8,31,35,14,12,6,175,25,0,0,20,20,0,13,103,4,0,0,46,72,8,35,175,20,3,2,2,1,0,62,35,8,6,35,90,4,0,6
6,76,3,0,156,0,0,3,18,0,0,68,82,3,0,21,73,0,0,17,156,4,0,1,1,0,0,18,133,6,0,0,0,0,0,34,156,1,0,2,17,2,0,76,156,9,1,46,60,0,0,19,156,10,0,6,5,0,0,4,156,10,0,0,0,0,0,7,156,0,0,2,18,0,0,46,134,5,0,29,34,0,0,13,100,4,0,7,5,0,0,5,81,0,0,0,0,0,0,7,7,0,0,0,1,0,0,1,2,0,0,0,0,0,0,0,0,0,0,0,0,0,0,0,0,0,0,0,0,0,0,0
12,159,3,0,131,22,3,0,0,0,3,130,131,4,0,4,12,5,0,91,10,0,1,33,77,32,9,4,0,0,0,4,3,1,4,0,131,47,24,7,1,0,0,36,131,26,1,3,18,9,1,86,24,3,2,20,131,74,28,9,0,1,1,1,9,7,16,1,68,131,57,5,0,0,0,7,131,131,20,13,15,11,10,18,14,5,40,59,106,38,10,6,0,5,29,13,18,12,1,0,119,64,5,1,3,1,0,13,82,48,16,31,9,0,1,12,2,3,16,56,39,7,1,1,0,1,24,48,39,11,0,0
12,136,2,0,23,51,9,0,0,0,0,5,39,87,49,7,0,11,12,16,18,50,63,7,0,1,10,39,10,35,51,19,1,2,10,4,16,7,0,0,0,8,32,42,22,10,1,0,2,107,76,54,118,17,0,0,3,15,27,100,26,10,2,1,16,50,39,7,108,25,4,0,0,4,41,118,115,50,4,0,4,40,29,81,118,78,1,0,6,43,19,44,11,2,0,2,23,118,85,2,80,64,20,0,0,0,22,42,94,30,4,3,6,2,6,78,54,4,1,1,46,61,24,90,0,0,0,0,118,118,54,0
15,107,2,1,73,11,0,0,0,0,0,37,95,0,0,0,0,0,0,101,132,11,0,0,0,0,0,83,132,25,0,0,0,0,0,10,62,29,0,0,0,0,0,15,132,15,0,0,0,0,0,55,132,36,0,0,0,0,0,48,132,45,0,0,0,0,0,16,67,28,0,0,0,0,0,2,93,103,1,0,0,0,0,4,132,64,0,0,0,0,0,27,132,13,0,0,0,0,0,49,53,10,0,0,0,0,0,2,71,115,0,0,0,0,0,0,102,129,0,0,0,0,0,2,83,49,0,0,0,0,3,14
16,14,3,0,32,4,26,30,1,1,48,131,3,0,20,131,89,36,32,38,8,0,7,40,54,7,9,29,2,0,2,2,0,9,32,20,30,0,0,0,0,1,78,131,12,0,0,4,27,65,131,92,72,16,43,47,24,15,32,39,4,2,20,68,25,1,6,6,1,0,0,0,0,0,27,112,100,14,0,0,0,1,46,88,131,101,31,21,10,1,5,29,12,13,47,90,65,3,0,3,1,0,0,0,0,0,3,26,108,10,0,0,0,0,0,41,131,40,18,6,0,0,16,92,15,7,40,33,0,0,19,56
18,141,2,0,128,75,5,4,2,4,4,69,16,12,51,34,16,18,11,17,1,5,54,86,23,2,1,3,4,31,91,72,13,1,0,0,128,36,3,2,0,0,0,128,89,24,64,29,1,0,1,78,10,9,56,103,47,1,0,1,63,36,32,18,10,1,0,6,128,68,1,1,1,0,0,91,128,69,2,5,0,0,1,39,29,5,32,109,15,0,1,17,19,29,67,39,4,0,0,0,128,128,9,3,0,0,0,2,104,66,3,1,1,0,1,8,40,30,5,13,6,2,1,13,1,5,15,16,17,13,5,0
21,160,2,0,42,18,6,0,0,0,12,66,128,1,0,0,0,0,0,128,114,0,0,1,6,4,2,125,6,0,0,21,72,35,8,8,22,36,35,16,1,0,0,4,128,47,7,1,0,0,0,113,128,19,0,1,1,1,1,126,38,1,3,32,107,14,4,12,4,57,57,13,0,0,0,0,74,128,20,0,0,0,0,6,128,128,6,6,1,1,3,16,15,5,11,23,23,15,15,10,10,22,51,20,10,0,0,2,110,44,2,0,1,0,0,38,113,31,4,8,0,0,0,53,8,5,25,32,3,0,0,4
26,126,2,1,131,116,0,0,0,0,0,9,90,131,8,0,0,0,0,0,18,23,8,9,14,8,2,1,0,0,1,40,106,55,0,0,131,131,1,0,0,0,0,4,122,63,16,5,5,1,0,13,7,5,8,13,53,35,4,1,0,0,0,47,131,47,1,0,131,84,7,0,0,0,0,4,66,35,8,1,11,9,9,17,6,1,3,23,72,32,5,7,1,0,3,24,131,21,1,0,131,62,0,0,0,4,5,12,10,1,0,0,5,33,47,20,0,0,4,24,12,5,57,52,0,0,4,57,123,6,5,9
26,126,2,0,31,7,43,29,0,0,6,47,6,29,90,26,0,0,3,12,5,32,21,23,43,6,0,0,0,0,0,61,140,38,0,0,127,2,1,0,1,2,9,65,71,13,11,11,7,1,6,37,9,4,8,33,87,37,4,1,0,0,0,44,140,80,1,0,140,10,1,0,0,0,0,117,78,25,2,2,4,3,6,23,6,0,0,31,99,49,12,7,0,0,0,24,140,85,0,0,140,39,0,0,0,0,0,42,56,13,2,2,6,8,6,22,0,0,0,1,106,66,3,0,0,0,0,9,140,76,0,0
27,193,3,0,29,5,1,7,22,8,10,16,166,22,0,1,0,0,3,120,65,4,0,0,0,3,78,132,0,0,0,0,3,59,53,12,69,8,1,0,0,1,15,33,166,94,3,0,0,0,2,28,74,65,49,6,1,3,31,40,1,2,11,8,13,21,21,10,74,22,10,3,0,0,0,10,166,20,0,0,0,0,10,108,60,24,21,5,1,6,111,63,3,4,10,7,5,15,61,10,23,7,16,32,6,3,3,12,166,24,3,2,0,0,1,56,105,34,30,13,0,0,8,45,2,12,40,22,0,4,10,5
37,204,3,0,9,17,18,53,2,0,0,2,80,30,9,1,0,0,0,6,158,41,0,0,0,0,4,54,52,21,14,2,0,2,62,50,1,3,25,115,17,8,2,0,68,15,19,39,10,2,3,22,158,35,2,0,0,0,2,57,85,47,39,14,0,0,22,33,0,0,2,17,27,60,25,6,38,32,22,30,9,7,23,54,158,59,7,1,0,0,0,71,119,8,6,5,0,0,8,83,0,0,0,13,39,16,6,5,33,18,2,9,8,2,8,55,158,13,0,0,0,0,1,137,48,0,0,0,0,0,9,158
43,214,3,0,36,8,0,0,1,15,4,8,81,20,0,0,0,11,39,25,16,1,0,5,106,59,49,20,0,3,19,23,97,19,0,0,29,7,0,0,1,11,18,32,18,3,0,0,11,93,67,25,41,3,4,12,47,36,58,64,15,81,25,21,55,26,3,3,1,1,12,30,7,9,29,19,20,17,37,10,20,46,20,5,141,141,48,17,10,5,2,10,17,141,141,20,8,2,0,0,21,25,14,14,20,15,1,4,19,86,114,4,0,0,0,1,131,141,39,0,0,0,0,0,80,141,19,0,0,0,0,1
46,175,3,0,3,0,0,10,28,10,15,33,37,0,0,0,0,4,17,94,129,17,0,0,0,4,12,30,129,18,1,4,2,3,1,10,7,1,1,15,22,60,39,18,48,6,6,2,2,7,52,73,129,22,0,0,0,2,21,74,95,6,0,0,0,29,61,59,21,73,90,4,1,33,32,14,48,71,61,17,9,35,14,21,129,39,8,5,4,14,11,96,35,5,16,56,24,62,93,21,7,27,60,5,3,18,59,41,11,20,52,21,20,54,15,22,129,43,72,7,2,6,4,121,93,22,37,99,11,4,7,40
46,221,3,0,20,4,38,76,40,8,3,26,11,4,16,20,13,38,66,44,1,6,8,79,62,20,26,6,0,0,8,62,43,15,33,9,3,0,1,27,115,115,7,4,47,65,17,2,8,31,26,18,11,41,73,53,12,2,6,4,2,1,84,115,13,0,0,0,4,1,18,115,115,45,7,8,115,62,40,35,2,3,2,52,62,42,24,83,12,0,0,10,29,6,23,73,12,0,0,6,10,2,14,62,115,75,39,40,48,102,57,19,0,0,19,78,37,85,51,102,6,0,1,33,12,15,29,98,14,0,0,1
52,174,2,0,27,0,0,0,2,2,18,43,122,13,0,0,0,2,20,44,122,29,0,0,0,0,3,28,22,9,2,8,12,33,20,11,21,29,30,10,1,5,19,20,122,66,7,3,0,2,11,28,122,15,0,0,4,28,74,41,3,0,0,0,1,68,122,18,9,33,34,16,13,58,12,11,122,22,10,5,2,12,9,122,83,16,27,92,30,37,37,37,27,5,10,97,14,21,94,19,17,12,49,19,7,13,11,28,99,64,122,11,0,1,1,45,122,39,29,54,9,3,8,42,15,6,25,122,21,6,5,4
59,209,3,0,15,13,8,14,2,0,7,9,1,2,11,8,8,23,23,8,63,42,19,4,10,12,4,11,45,134,45,8,4,1,0,1,23,8,9,16,22,12,4,26,31,44,33,11,14,7,2,8,85,134,60,0,0,0,0,4,134,134,3,0,0,0,0,3,18,1,1,18,28,27,24,39,96,19,1,0,4,13,8,61,131,119,7,0,0,0,0,32,134,120,10,1,0,0,0,5,4,17,37,27,23,5,6,2,62,134,25,1,0,0,1,9,91,134,36,0,0,0,0,2,14,134,57,6,3,3,3,0
60,250,3,0,0,0,0,0,0,0,0,0,27,1,4,6,0,0,0,17,52,18,90,75,0,0,0,21,156,46,50,16,0,0,0,24,0,0,0,2,3,0,0,0,83,6,10,113,72,3,0,21,156,46,60,47,11,0,0,35,63,30,60,85,9,0,0,15,0,0,0,2,6,10,21,8,53,7,1,66,156,99,43,10,156,37,5,22,37,5,0,12,63,27,18,74,39,1,0,4,0,0,35,63,0,2,7,5,40,10,29,73,51,36,14,6,156,35,3,7,11,3,0,31,62,27,13,29,40,2,1,20
63,138,3,0,5,0,3,6,16,65,39,15,22,0,0,0,20,37,70,65,2,0,0,0,34,53,126,20,3,0,0,0,2,17,87,68,11,0,0,6,81,106,27,11,130,6,1,17,41,25,17,62,27,3,1,89,130,34,18,17,7,0,0,7,10,25,59,80,15,17,46,44,111,37,4,5,130,89,31,15,25,7,3,21,44,7,0,77,130,8,0,2,0,0,0,8,80,48,20,3,4,12,76,30,8,3,25,20,33,61,49,3,6,2,5,20,11,4,0,31,130,19,1,4,0,0,0,12,119,15,0,0
63,138,3,0,32,51,7,0,0,0,0,0,127,86,1,0,1,1,0,0,48,27,3,10,22,35,19,2,2,2,15,57,16,8,39,15,22,46,54,30,7,0,0,3,127,64,1,1,18,12,0,19,47,10,2,3,127,127,42,8,48,30,4,4,14,35,92,80,9,11,48,101,37,0,0,2,127,63,25,14,39,17,1,25,26,31,19,25,127,71,1,5,96,103,28,4,11,3,0,2,0,8,101,86,3,0,0,0,19,48,86,44,13,1,0,0,5,42,66,84,42,3,0,0,26,79,63,1,0,0,0,2
65,147,3,0,3,4,3,11,53,53,10,0,11,0,0,3,43,122,47,27,92,1,1,19,47,20,29,75,4,0,1,49,71,32,25,17,0,1,0,21,104,63,25,1,27,7,7,35,122,68,9,17,122,30,7,26,26,11,5,66,30,2,1,112,122,4,0,4,14,12,14,18,22,23,32,36,10,38,122,74,62,10,9,8,118,122,77,9,9,1,3,14,26,5,0,65,122,5,1,6,33,31,22,22,8,5,9,16,5,4,27,21,30,15,67,38,9,10,13,0,2,3,52,84,4,2,0,19,98,27,6,17
71,24,3,0,92,1,0,0,0,0,0,11,129,4,0,0,0,0,0,11,129,1,0,0,0,0,0,28,90,8,8,129,27,0,0,8,113,4,0,0,0,0,0,23,129,7,0,0,0,0,0,12,129,1,0,0,0,0,0,12,129,3,1,6,0,0,0,22,129,8,0,0,0,0,0,12,129,15,0,0,0,0,0,7,129,4,0,0,0,0,0,10,129,0,0,0,0,0,0,19,99,0,0,0,0,0,0,33,123,0,0,0,0,0,0,35,129,1,0,0,0,0,0,15,127,4,0,0,0,0,0,13
76,34,3,0,46,3,0,0,0,0,0,1,86,1,0,1,0,0,0,8,33,4,3,172,87,0,0,2,0,0,5,172,172,0,0,0,56,4,0,0,0,0,0,2,103,4,0,0,0,0,0,8,87,6,2,35,11,0,0,7,7,3,4,172,172,0,0,0,60,5,0,0,0,0,0,3,102,6,0,0,0,0,0,0,118,5,0,0,0,0,0,2,36,7,7,149,29,0,0,1,44,9,0,0,0,0,0,0,75,7,0,0,0,0,0,0,89,2,0,0,0,0,0,3,58,4,1,5,0,0,0,3
95,231,3,0,4,10,9,13,70,76,37,25,17,30,4,2,48,86,45,26,56,62,18,7,4,4,35,40,16,16,13,15,17,7,56,56,10,2,1,1,30,105,78,41,123,123,30,3,22,67,6,24,39,123,69,14,41,75,10,6,12,20,10,18,31,47,60,11,25,114,74,16,11,12,20,35,123,64,61,18,13,34,19,51,39,6,4,8,38,123,44,22,7,12,11,4,3,74,96,8,1,83,28,8,14,27,15,1,11,28,22,25,18,18,55,23,8,7,74,67,26,42,17,15,27,25,65,37,6,7,2,6
98,212,2,0,12,5,2,1,0,4,18,17,80,40,1,0,0,0,0,33,123,129,3,0,0,0,0,14,68,43,13,11,3,14,11,14,6,21,25,21,1,0,0,1,104,12,3,1,4,1,1,57,167,148,4,0,0,0,0,38,36,103,65,67,10,1,0,0,1,1,10,11,6,16,10,5,109,13,5,4,8,4,2,12,167,45,1,0,0,0,0,90,102,28,10,44,18,0,0,25,15,9,18,4,2,3,2,9,37,49,33,1,0,0,0,5,167,46,2,0,0,0,0,76,103,0,0,3,6,5,26,67
104,151,3,0,3,1,1,26,118,91,4,4,20,8,8,1,42,66,29,50,71,9,5,0,4,38,43,104,11,0,0,4,33,69,44,23,0,0,0,36,118,118,30,4,19,0,2,40,34,57,63,50,118,10,1,2,5,22,32,52,17,1,1,17,61,38,33,20,1,0,2,25,24,82,108,27,51,18,12,38,34,101,52,11,118,76,23,26,6,7,10,19,3,6,18,55,58,27,21,7,11,14,11,28,36,49,26,13,51,74,62,1,0,24,42,22,118,104,10,9,37,19,2,19,2,3,3,24,87,66,1,0
108,61,2,0,0,0,0,0,157,46,0,0,13,1,0,1,115,44,4,8,79,16,3,9,14,2,1,12,29,5,1,13,25,0,0,0,0,0,0,0,157,99,0,0,33,0,0,0,109,72,3,11,157,2,0,3,22,3,1,21,37,5,0,7,43,0,0,0,0,0,0,0,157,80,0,0,56,7,0,0,63,62,1,2,157,23,1,5,17,1,0,2,35,9,1,14,39,0,0,0,0,0,0,2,157,30,0,0,58,22,0,1,39,11,0,0,151,27,0,5,11,0,0,0,25,7,0,15,27,0,0,0
113,28,2,0,90,6,0,0,0,0,0,16,132,4,0,0,0,0,0,33,132,9,0,0,0,0,0,10,99,32,3,16,4,0,0,0,116,29,0,0,0,0,0,3,132,24,0,0,0,0,0,5,132,5,0,0,0,0,0,13,132,27,0,0,0,0,0,1,132,3,0,0,0,0,0,31,132,11,0,0,0,0,0,14,132,4,0,0,0,0,0,18,132,3,0,0,0,0,0,38,109,0,0,0,0,0,0,45,119,0,0,0,0,0,0,56,132,0,0,0,0,0,0,50,102,0,0,0,0,0,0,52
123,241,3,0,67,17,16,2,2,3,15,114,19,20,10,25,58,29,30,63,9,32,27,61,31,1,1,6,87,70,5,11,6,1,17,37,22,34,114,114,12,3,20,77,114,46,17,50,7,6,25,94,31,29,13,32,65,49,5,6,16,15,11,15,19,37,81,37,9,4,14,60,28,18,95,114,58,14,11,39,41,53,83,81,13,2,4,9,49,42,102,93,1,7,13,16,30,87,35,12,56,16,2,0,2,7,15,88,18,12,24,10,31,38,33,37,10,16,42,18,12,18,46,73,0,1,16,20,42,103,29,14
128,164,2,0,14,4,4,1,15,46,35,22,19,20,12,21,35,14,18,16,35,124,21,7,4,3,4,5,47,64,10,2,2,1,3,15,35,1,0,3,56,68,31,47,73,17,7,9,1,20,124,93,124,81,20,20,5,2,17,79,26,15,13,75,36,7,9,28,0,8,44,38,111,12,17,12,97,72,43,7,2,4,57,43,124,79,4,9,2,1,21,101,28,10,7,69,101,58,21,26,0,13,55,53,47,27,10,0,32,38,37,16,26,23,10,18,66,22,6,7,2,2,58,124,37,12,4,32,76,40,36,77
134,135,3,0,27,0,0,2,17,10,24,89,7,4,13,71,104,34,18,38,58,70,36,37,11,4,0,4,45,60,43,3,8,10,6,46,18,5,8,14,12,1,3,19,115,81,54,58,10,1,4,29,66,60,99,115,24,2,2,6,41,29,27,25,63,95,17,11,18,2,4,9,30,7,0,6,115,16,3,6,9,7,25,115,46,43,39,53,45,17,26,70,3,17,31,107,115,19,1,2,2,2,1,4,20,6,0,1,26,8,6,2,1,0,10,61,115,14,5,5,1,0,7,115,46,8,17,115,107,7,0,30
135,128,2,0,5,0,1,15,51,5,4,16,15,1,1,4,17,9,38,129,15,15,33,118,93,14,16,46,57,70,53,67,8,1,0,1,0,2,15,18,30,7,4,2,67,18,10,23,14,0,1,20,129,129,74,63,8,1,2,25,46,48,103,129,35,3,1,3,4,9,11,10,20,5,1,1,64,3,3,11,47,15,0,24,129,19,2,5,9,10,37,129,37,41,37,46,54,24,30,62,3,0,0,0,17,9,2,4,7,6,4,9,31,7,0,6,41,7,5,1,0,0,19,123,129,12,5,3,1,0,10,129
136,102,3,0,167,9,0,0,0,0,0,9,167,51,10,7,0,0,0,4,87,30,20,18,0,0,0,7,40,4,2,17,45,9,4,12,167,40,0,0,0,0,0,5,167,33,1,2,0,0,0,12,58,19,14,10,0,0,1,9,9,10,10,8,18,10,9,10,167,42,0,0,0,0,0,12,167,19,0,0,0,0,0,33,68,8,7,3,1,2,4,16,11,11,5,3,10,6,3,5,167,20,0,0,0,0,0,4,162,37,0,0,0,0,0,16,49,10,0,1,0,2,6,23,7,0,0,0,8,11,4,12
140,166,3,0,4,24,72,14,1,0,0,1,49,52,94,4,0,0,1,28,114,88,41,3,0,0,1,38,34,64,71,38,27,2,7,26,28,62,114,43,2,3,2,2,26,43,94,29,35,42,10,12,114,46,13,4,3,7,8,58,35,10,21,23,12,11,53,56,13,10,28,34,10,19,63,30,14,10,20,51,37,49,34,22,114,36,22,10,8,36,51,100,55,17,66,34,5,6,33,114,36,39,3,11,32,8,11,27,4,2,4,41,95,39,46,42,27,13,4,9,12,105,83,75,70,7,2,2,1,17,76,114
140,192,3,0,97,117,21,46,114,11,0,1,29,36,15,22,60,26,2,6,50,30,14,3,4,25,20,17,75,65,22,24,10,9,3,2,117,15,1,35,117,10,0,9,18,11,12,37,113,24,4,10,117,101,37,3,1,4,4,30,41,96,31,12,35,11,3,8,111,27,0,15,88,63,20,4,10,13,48,56,79,29,7,4,105,29,22,5,10,25,26,117,22,6,2,1,14,47,69,79,23,21,4,1,4,64,41,7,3,5,6,3,24,82,14,9,48,1,1,0,13,64,19,41,15,0,0,0,8,58,67,32
144,139,3,0,13,32,20,30,44,25,9,9,7,29,113,34,17,28,22,34,50,91,50,11,4,15,18,37,20,27,8,5,37,59,19,24,10,11,1,1,76,110,79,35,18,2,1,1,10,63,113,87,113,43,5,2,2,40,67,65,19,22,12,14,72,113,39,14,5,38,31,3,2,33,89,20,32,79,73,4,2,17,32,12,88,69,13,6,37,32,44,36,7,7,2,0,10,86,56,8,1,113,76,10,3,1,0,0,1,102,113,7,13,47,3,0,2,31,31,15,107,60,1,0,7,19,5,1,13,3,0,4
148,24,3,0,118,0,0,0,0,0,0,20,131,0,0,0,0,0,0,24,131,0,0,0,0,0,0,54,80,0,0,0,0,0,0,49,131,0,0,0,0,0,0,38,131,0,0,0,0,0,0,25,131,3,0,0,0,0,0,28,126,2,0,0,0,0,0,47,131,1,0,0,0,0,0,27,131,6,0,0,0,0,0,5,131,39,0,0,0,0,0,1,115,33,0,0,0,0,0,6,131,1,0,0,0,0,0,25,131,1,0,0,0,0,0,12,131,17,0,0,0,0,0,2,77,18,0,0,0,0,0,5
148,114,2,0,128,27,3,0,0,0,0,26,141,10,6,38,23,0,0,20,48,17,17,57,16,0,0,8,142,5,0,0,1,3,0,78,89,75,42,19,0,0,0,1,142,37,14,33,6,0,0,7,30,8,13,98,83,5,2,9,142,1,0,2,13,12,23,142,97,28,27,35,0,0,0,7,142,26,9,9,7,6,9,43,14,1,3,17,142,38,14,21,10,3,8,11,34,4,13,121,92,20,8,6,0,0,0,5,15,19,12,3,0,1,6,11,1,10,24,24,23,13,8,5,20,8,16,32,26,3,0,3
150,107,2,0,140,17,0,0,0,0,0,10,140,10,0,0,0,0,0,60,82,5,7,42,30,0,0,30,66,11,11,27,7,0,0,24,140,65,2,0,0,0,0,5,134,77,30,7,0,0,0,15,140,19,16,35,3,0,0,25,28,5,15,73,38,2,1,11,140,25,1,0,0,0,0,20,134,44,44,30,0,0,0,15,140,20,13,12,5,3,5,40,13,1,2,23,101,18,10,19,140,6,0,0,0,0,0,23,140,11,7,6,0,0,0,25,21,16,11,4,0,1,4,12,3,9,13,11,15,8,8,6
151,171,2,0,79,30,1,0,0,19,34,24,61,20,0,0,0,44,123,81,21,0,0,0,0,19,123,123,3,1,0,0,1,25,123,45,18,14,4,0,0,66,95,20,51,1,0,0,0,64,123,53,123,22,6,12,6,10,27,72,13,22,27,50,20,23,50,15,3,12,6,0,1,57,45,7,123,47,3,0,0,4,27,25,123,38,5,8,1,1,19,88,32,43,34,48,8,5,22,30,19,21,7,0,0,0,1,4,72,30,4,0,0,0,0,10,123,58,0,0,0,0,9,65,71,104,5,3,18,9,9,21
157,229,2,0,43,12,9,35,9,8,7,12,26,7,18,33,42,51,11,12,22,6,35,32,78,43,5,20,123,11,15,3,0,1,1,88,43,4,3,16,7,63,50,42,24,2,2,9,18,123,52,18,123,44,77,39,11,24,16,34,123,36,70,54,0,0,0,23,5,0,0,0,1,114,111,22,100,29,0,0,0,115,45,13,123,42,3,7,0,1,5,67,62,31,33,22,0,0,2,64,6,9,4,16,9,19,23,4,115,84,2,3,1,6,3,2,107,44,8,5,0,0,2,26,76,8,5,3,0,0,2,86
162,187,2,0,5,1,0,0,4,5,50,31,30,3,0,0,1,2,37,122,78,34,12,0,0,0,21,67,87,58,33,0,0,0,13,47,12,20,21,15,12,4,4,5,87,15,56,52,5,2,7,81,132,82,36,4,0,0,0,60,52,47,46,17,21,18,18,45,95,63,19,8,7,3,0,2,79,49,56,88,51,5,0,2,132,77,11,11,9,12,6,29,44,46,14,13,56,92,10,15,59,99,25,20,1,0,0,1,49,57,37,92,31,2,0,0,132,93,13,18,7,5,4,5,39,112,23,10,10,13,4,11
166,149,2,0,1,0,45,90,85,36,11,12,21,3,1,26,115,32,4,19,113,16,2,0,0,0,1,115,62,4,13,14,1,0,2,115,0,0,1,4,70,113,115,47,49,6,0,2,101,60,5,7,115,71,25,9,7,3,1,38,27,10,16,15,27,20,61,115,1,0,0,0,4,21,85,12,51,37,7,2,16,14,17,9,115,27,10,13,15,29,62,58,4,1,1,6,41,72,79,25,8,0,0,0,0,5,39,13,115,55,10,6,0,0,5,29,26,31,21,115,52,12,20,8,10,0,3,42,21,9,27,39
172,131,2,0,66,28,31,3,2,6,22,46,7,66,66,37,29,18,20,12,0,129,101,10,5,1,0,0,0,50,129,4,2,24,6,0,54,17,0,0,0,5,32,37,129,129,18,0,1,6,26,51,15,129,56,7,36,80,31,10,0,6,12,1,22,129,25,0,44,14,12,1,3,4,11,12,129,16,1,0,0,4,89,129,9,5,1,0,11,129,129,37,1,3,0,0,5,129,48,1,10,17,11,0,0,1,1,2,28,18,1,0,1,1,10,15,1,2,0,1,17,19,23,3,10,22,0,0,2,7,8,0
172,131,2,0,1,2,10,17,11,0,0,1,11,12,44,15,12,1,3,3,32,37,54,17,0,0,0,5,22,46,66,28,30,3,2,6,10,15,28,18,1,0,1,1,89,129,129,17,1,0,0,4,26,51,129,129,19,0,1,6,20,12,7,65,66,37,29,18,23,3,1,2,0,1,17,19,129,37,9,5,1,0,11,129,31,10,15,129,58,7,35,79,0,0,0,129,102,11,5,1,8,0,9,22,0,0,2,7,48,1,1,3,0,0,5,129,26,0,0,6,12,1,21,129,6,0,0,50,129,4,2,23
179,148,3,0,14,8,17,13,19,14,23,41,10,4,10,16,94,39,8,10,17,12,44,62,11,4,0,5,22,10,38,41,8,4,0,2,12,10,8,11,21,12,17,23,43,8,10,31,98,18,7,17,116,59,63,38,20,11,4,26,19,10,51,81,116,43,4,17,11,42,110,116,28,0,0,0,26,64,113,101,44,18,1,4,116,17,30,37,34,83,48,40,5,0,2,14,109,116,19,8,14,16,19,89,116,10,6,15,13,19,11,21,90,111,40,21,4,23,11,12,41,81,20,2,0,5,23,38,9,13,4,0
179,165,3,0,12,2,2,5,19,11,13,14,11,1,0,0,2,2,46,41,42,73,16,3,1,2,15,25,56,70,28,13,16,7,21,23,7,13,78,27,11,2,3,2,59,10,57,64,7,2,13,18,126,126,16,18,13,4,10,37,19,37,18,69,126,23,28,19,5,26,109,54,27,2,2,13,29,12,66,126,46,13,14,23,126,9,4,32,32,12,108,126,8,1,0,21,85,45,121,50,2,1,53,126,48,6,8,6,2,0,1,77,82,42,55,13,8,5,0,8,45,20,37,14,9,6,3,1,1,1,27,37
193,172,2,1,0,0,0,2,26,11,6,1,6,15,16,9,29,4,0,0,95,99,34,1,0,0,0,8,111,36,21,1,0,2,6,95,4,8,5,6,9,20,4,1,58,33,29,14,5,4,0,2,130,130,65,5,0,0,0,32,51,68,130,61,1,0,0,22,29,16,29,75,22,3,0,1,72,47,68,29,5,0,0,4,130,28,26,10,5,0,0,130,80,10,41,38,20,4,7,130,17,1,6,34,100,61,3,18,60,9,7,9,16,6,15,97,51,12,4,10,15,4,31,49,46,2,0,0,3,4,26,130
199,151,2,0,35,1,0,2,19,17,120,120,4,2,0,29,97,54,120,95,120,60,9,29,33,5,6,14,82,44,83,81,15,8,22,25,30,28,5,2,22,13,19,27,42,22,13,2,3,3,34,112,120,58,1,1,6,10,21,58,65,13,3,9,16,30,113,72,70,27,10,1,1,2,3,25,44,73,37,2,0,0,2,33,116,73,13,1,1,3,3,36,64,24,7,3,4,6,5,14,100,12,3,3,0,0,1,42,53,17,31,27,5,1,4,51,100,28,13,6,1,6,13,79,22,12,9,7,4,31,45,35
206,216,3,0,70,0,0,0,0,0,5,146,108,0,0,6,16,43,16,146,5,2,1,13,25,60,5,2,30,3,0,0,1,7,3,15,146,0,0,0,0,2,5,68,146,7,3,14,5,2,1,69,26,6,5,62,42,2,0,3,19,9,2,3,5,2,1,6,146,43,0,0,0,0,0,9,146,69,3,6,3,1,0,28,32,11,13,51,68,9,0,5,18,10,15,10,13,2,0,1,67,40,2,0,0,0,1,27,146,17,2,5,0,0,6,146,22,6,41,50,4,0,25,97,4,7,78,50,6,0,0,11
211,155,2,0,63,14,0,0,10,20,21,14,47,36,31,5,0,0,0,6,62,66,51,2,0,0,0,16,84,59,2,0,1,11,15,24,111,42,8,1,1,1,3,8,100,43,21,32,12,2,1,21,111,66,25,7,2,0,1,40,36,52,19,13,2,4,3,8,111,92,13,1,0,0,2,23,107,96,92,111,41,26,8,20,109,20,18,45,28,22,22,69,27,12,4,8,8,40,91,83,107,15,18,11,4,0,4,77,78,9,5,17,36,97,51,103,51,10,2,10,46,61,11,19,42,2,0,2,68,49,27,47
221,12,3,0,129,3,0,0,0,0,0,13,139,1,0,0,0,0,0,11,139,8,0,0,0,0,0,8,139,3,0,0,0,0,0,17,100,8,0,0,0,0,0,10,139,13,0,0,0,0,0,9,139,19,0,0,0,0,0,3,139,15,0,0,0,0,0,7,35,8,0,0,0,0,0,1,139,7,0,0,0,0,0,15,139,1,0,0,0,0,0,16,139,13,0,0,0,0,0,3,5,0,0,0,0,0,0,0,130,0,0,0,0,0,0,19,139,0,0,0,0,0,0,19,139,7,0,0,0,0,0,4
227,206,3,1,21,11,9,7,1,3,11,14,25,4,0,0,6,67,44,16,57,108,34,4,14,45,9,4,41,133,22,2,28,14,0,1,2,5,20,66,44,8,6,2,25,4,6,32,34,38,20,14,133,60,4,1,1,4,5,48,133,80,7,3,126,51,0,26,1,1,7,27,34,38,22,28,11,29,34,61,53,6,6,9,133,68,14,3,1,4,7,92,110,24,1,8,133,73,13,96,3,5,21,7,18,14,9,22,2,6,6,3,4,24,26,14,60,37,7,0,0,23,16,62,93,11,1,20,121,34,8,70
240,94,2,0,165,2,0,0,0,0,0,7,165,3,0,0,0,0,0,18,56,9,2,3,1,1,0,2,46,6,0,1,0,0,0,1,165,10,0,0,0,0,0,8,165,9,0,0,0,0,0,12,82,5,0,0,4,16,3,7,69,7,0,1,1,1,0,10,165,39,0,0,0,0,0,10,165,22,0,0,0,0,0,9,66,10,6,2,8,6,1,9,81,15,1,1,0,0,0,8,165,19,0,0,0,0,0,29,165,54,0,0,0,0,0,1,45,25,13,0,0,0,0,0,58,19,3,0,0,0,0,1
241,239,2,0,27,1,0,0,0,2,35,64,18,0,0,0,0,6,36,80,80,0,0,0,0,0,2,144,79,0,0,5,5,0,2,144,6,0,0,0,6,16,24,80,48,2,0,0,0,0,19,128,144,14,1,0,0,0,3,54,144,7,1,0,3,1,0,144,19,30,2,0,5,25,7,28,110,98,0,0,0,0,3,40,144,47,0,2,3,0,0,8,90,3,0,13,17,1,0,47,7,62,9,0,0,1,0,0,88,75,2,0,0,0,0,6,144,19,0,1,0,0,0,8,31,2,1,10,3,0,0,3
244,221,2,0,141,5,0,0,0,0,1,27,154,1,0,3,4,2,0,80,25,0,0,43,73,39,0,10,3,4,1,30,53,29,1,0,118,47,1,0,0,0,0,10,154,3,0,0,8,3,0,50,54,0,0,7,138,88,1,9,19,24,2,4,38,54,3,2,72,51,4,0,2,3,0,0,154,74,1,4,8,0,0,4,53,15,7,107,118,6,0,1,16,42,14,40,21,2,0,0,61,30,0,0,8,4,0,0,154,108,2,2,0,0,0,0,17,22,7,72,17,0,0,0,5,2,0,26,10,0,0,1
247,126,3,0,6,1,0,0,0,0,0,4,11,13,2,0,0,1,0,4,3,4,3,4,33,13,1,2,0,6,17,8,7,0,0,0,36,3,0,1,2,2,5,26,167,88,36,27,7,1,2,32,19,27,36,167,144,17,1,2,10,23,30,47,30,1,1,7,38,3,1,9,38,5,3,15,167,17,4,16,31,1,1,63,77,8,6,86,167,8,0,5,7,16,5,17,82,9,2,10,26,11,2,28,32,0,0,2,167,49,2,9,25,3,0,23,80,8,7,42,167,13,0,6,2,12,17,28,59,5,4,1
251,132,2,0,17,5,4,7,4,10,37,15,19,21,2,8,13,21,18,4,134,134,0,0,1,4,7,11,115,79,0,0,129,130,2,2,48,1,0,1,2,3,21,89,74,20,1,7,18,22,28,44,134,110,0,0,9,21,11,73,54,23,0,1,134,134,9,16,1,0,0,0,0,0,10,34,54,49,1,0,0,8,29,26,119,67,8,3,13,41,49,67,5,0,0,8,121,134,45,17,0,0,0,0,0,0,0,0,0,1,0,0,0,0,0,0,0,2,1,1,4,7,2,0,0,0,0,2,17,11,2,0
6,76,3,0,157,0,0,2,21,0,0,64,93,3,0,16,36,0,0,15,157,3,0,0,0,0,0,24,137,2,0,0,0,0,0,46,157,0,0,2,37,2,0,77,157,10,3,33,20,0,0,19,157,10,0,5,1,0,0,5,157,5,0,0,0,0,0,7,157,0,0,3,38,1,0,44,135,5,2,19,9,0,0,13,112,3,0,4,2,0,0,6,75,0,0,0,0,0,0,6,5,0,0,0,2,0,0,0,1,0,0,0,0,0,0,0,0,0,0,0,0,0,0,0,0,0,0,0,0,0,0,0
24,200,3,0,1,0,0,0,4,3,25,82,49,2,0,0,33,14,17,46,167,6,0,0,1,0,5,167,42,0,0,0,0,18,64,83,15,6,24,18,0,0,11,61,99,13,1,0,2,3,17,55,167,74,1,0,0,0,3,46,50,29,10,2,2,10,33,44,3,7,60,117,2,0,0,2,100,29,19,27,0,0,0,12,167,21,1,0,0,0,7,92,43,15,16,5,1,7,50,35,0,0,6,42,15,19,13,14,35,11,12,37,12,15,7,12,167,22,2,1,0,0,0,57,63,10,17,6,0,0,3,44
42,247,3,0,0,0,0,0,0,0,0,0,30,24,0,0,0,0,0,5,144,128,0,0,0,0,0,8,88,67,9,0,1,2,0,1,0,0,2,2,0,0,0,0,95,18,29,23,0,0,0,39,144,74,4,0,0,0,0,47,140,74,2,0,0,0,1,6,43,8,6,20,5,0,0,7,118,72,120,46,0,0,0,8,144,65,42,12,0,0,0,35,130,14,0,0,0,1,8,43,51,12,3,41,69,32,10,1,144,65,27,38,12,1,0,0,90,51,26,39,3,0,0,14,63,12,1,2,0,6,14,42
51,237,3,0,17,7,36,23,0,0,0,8,135,43,38,11,0,0,0,39,135,40,0,0,0,0,0,20,83,21,0,0,0,0,6,28,135,46,47,28,7,0,0,10,131,77,109,44,0,0,0,11,135,18,3,2,0,0,2,86,63,0,0,0,0,11,22,49,135,44,6,22,41,17,1,0,108,53,29,77,9,0,0,1,116,76,14,14,1,0,3,26,16,2,7,10,4,34,41,34,135,33,5,15,7,7,0,5,105,34,15,28,13,0,0,8,52,53,19,19,7,3,5,26,13,22,24,31,13,10,8,9
55,102,3,0,70,2,0,0,0,0,0,24,57,67,3,0,0,0,0,2,31,129,63,0,0,0,0,0,5,52,89,39,0,0,0,0,129,1,0,0,0,0,0,33,129,28,0,0,0,0,0,20,129,87,4,0,0,0,0,8,34,78,73,28,0,0,0,0,129,0,0,0,0,0,0,56,129,7,0,0,0,0,0,27,129,31,0,0,0,0,0,51,109,39,11,0,0,0,0,39,113,0,0,0,0,0,0,50,129,39,0,0,0,0,0,32,129,52,0,0,0,0,1,38,84,4,0,0,0,0,1,62
63,137,3,0,3,0,3,3,7,65,41,16,8,0,0,0,10,41,89,51,0,0,0,0,23,66,124,17,0,0,0,0,2,21,101,57,10,0,0,0,78,118,22,16,124,4,1,17,28,21,24,74,16,2,1,78,124,31,19,14,0,0,0,5,17,37,83,53,14,16,37,41,114,23,2,5,124,90,27,16,18,3,1,18,36,10,1,85,124,3,0,0,0,0,0,10,113,50,13,0,2,16,61,25,7,4,15,10,29,72,39,3,6,1,7,21,9,5,0,30,124,11,1,1,0,0,0,19,124,7,0,0
63,137,3,0,44,60,4,0,0,0,0,0,125,88,0,0,0,1,0,0,50,30,2,13,13,38,16,0,1,4,12,58,10,11,34,9,33,56,64,22,1,0,0,0,125,56,1,1,11,12,0,12,44,6,0,1,112,125,38,8,44,18,1,2,11,36,80,72,12,13,57,118,12,0,0,0,125,60,24,16,25,12,1,16,19,23,20,33,125,53,2,5,81,120,18,5,12,3,1,4,0,8,114,85,1,0,0,0,7,48,109,45,6,0,0,0,1,29,78,86,26,0,0,0,17,98,49,2,0,0,0,1
67,88,3,0,114,9,2,13,3,0,0,11,140,1,0,0,0,0,0,36,82,17,0,0,0,0,0,6,12,18,10,5,1,0,0,0,112,15,3,19,3,0,0,2,140,3,0,0,0,0,0,18,140,26,0,0,0,0,0,8,36,116,21,0,0,0,0,0,100,17,4,29,6,0,0,3,140,12,0,0,0,0,0,7,140,30,0,0,0,0,0,5,140,82,1,0,0,0,0,2,85,6,1,18,6,0,0,18,140,4,0,2,0,0,0,24,140,22,0,0,0,0,0,11,140,48,0,0,0,0,0,5
70,193,3,0,81,9,0,0,0,0,1,82,149,19,0,0,0,0,0,114,62,46,47,14,0,0,0,6,18,45,20,10,11,1,0,0,97,2,0,0,0,0,15,91,149,76,0,0,0,0,0,40,94,53,8,2,5,15,7,10,4,6,4,4,11,6,8,15,149,37,2,0,0,1,4,36,149,55,0,0,0,0,1,74,64,6,0,0,11,26,38,58,6,0,0,0,3,8,32,47,109,102,6,0,0,0,0,0,149,105,0,0,3,11,4,11,14,8,0,0,8,56,67,12,28,1,0,0,0,6,60,43
96,167,3,0,22,59,14,6,14,13,2,10,56,126,32,4,2,0,8,32,18,55,35,126,14,1,1,4,60,9,10,126,18,0,3,14,51,43,23,20,14,0,0,32,126,117,14,4,1,0,0,32,28,38,20,87,79,17,0,3,4,1,5,75,126,47,12,3,18,45,60,39,9,2,0,0,126,38,12,3,2,1,2,82,46,5,1,54,98,9,5,56,0,2,46,113,126,12,0,0,8,14,31,91,20,3,0,0,76,83,14,10,1,1,0,13,42,27,2,8,22,27,4,15,4,3,36,66,22,8,0,1
104,236,3,0,26,68,14,27,11,0,0,0,48,115,86,6,0,0,1,1,80,72,17,4,38,17,5,5,4,26,18,29,115,22,1,0,59,115,36,48,63,19,5,6,44,112,44,5,15,69,31,14,79,29,26,52,26,29,22,27,45,20,24,103,54,19,1,10,34,44,50,11,17,16,28,13,26,34,27,15,52,50,12,6,115,54,12,13,20,11,7,32,26,19,17,61,98,13,4,14,40,5,2,0,2,11,45,42,70,66,106,13,6,6,4,33,15,62,101,73,6,2,5,9,1,115,115,13,9,4,4,4
122,171,3,0,15,2,3,2,10,35,33,44,41,96,24,6,5,7,9,22,37,106,30,9,6,4,2,18,8,9,22,49,84,46,2,8,36,17,25,21,41,17,30,61,120,77,11,12,7,3,15,77,39,20,9,45,66,55,34,35,5,3,4,6,97,62,48,21,22,34,38,33,34,25,5,5,120,60,24,3,7,11,18,120,23,18,6,65,120,116,45,56,32,9,0,19,20,26,49,49,30,58,20,5,21,9,2,10,50,120,69,3,0,0,0,12,10,64,27,120,55,1,0,3,66,22,4,90,43,0,1,9
124,27,3,0,109,22,0,0,0,0,0,0,126,25,0,0,0,0,0,5,126,7,0,2,0,0,0,4,43,5,4,126,80,0,0,0,126,11,0,0,0,0,0,5,126,16,0,0,0,0,0,9,126,4,0,0,0,0,0,20,105,15,3,40,13,0,0,1,126,0,0,0,0,0,0,25,126,15,0,0,0,0,0,8,126,13,0,0,0,0,0,4,126,17,1,1,0,0,0,1,126,0,0,0,0,0,0,27,126,1,0,0,0,0,0,32,126,3,0,0,0,0,0,18,122,1,0,0,0,0,0,21
125,213,3,0,36,27,4,2,0,0,1,11,51,64,23,0,0,0,8,15,155,55,1,0,0,0,6,43,51,0,0,2,21,41,44,32,16,10,0,1,2,5,40,33,69,9,0,0,0,12,103,82,155,12,0,0,1,12,18,122,27,0,0,0,4,45,48,27,0,0,0,0,3,24,38,13,146,60,0,0,3,19,28,17,155,144,6,18,10,6,2,22,22,9,6,28,18,13,4,16,10,0,1,10,8,10,13,22,155,34,0,0,0,1,2,36,155,47,3,24,10,0,0,83,13,3,4,61,34,0,0,7
140,254,3,0,0,0,0,0,0,0,0,0,0,0,0,0,0,0,0,0,0,0,0,0,0,0,0,0,0,0,0,0,0,0,0,0,15,6,4,1,0,0,0,0,109,4,0,1,1,0,0,3,18,21,29,31,9,0,0,1,50,100,23,4,5,7,3,2,37,115,126,8,0,0,0,0,126,126,108,3,1,0,0,18,87,69,50,45,24,3,3,29,114,126,44,12,10,34,20,55,84,110,126,2,2,3,5,92,28,86,122,14,16,20,16,25,47,67,13,16,31,17,35,46,94,101,22,8,4,2,17,50
146,123,3,1,6,95,37,5,0,0,0,0,13,81,13,10,17,2,0,0,53,123,7,7,19,3,0,0,80,123,40,18,26,44,5,3,12,47,17,4,0,2,2,2,26,34,5,6,23,43,6,6,123,123,1,2,7,35,35,30,52,53,0,0,16,123,93,8,4,6,10,5,6,9,3,1,24,34,9,10,26,25,3,6,85,44,28,32,45,78,36,42,3,26,39,16,34,123,67,3,5,2,1,0,3,25,8,1,101,118,15,2,5,13,2,6,32,91,67,108,89,8,1,5,7,55,114,49,28,6,9,1
147,222,3,0,2,1,3,6,10,17,12,8,4,0,0,10,7,25,36,26,59,48,0,0,1,9,12,24,167,167,3,3,1,1,0,2,4,4,3,14,12,18,4,1,19,2,5,22,42,21,3,10,167,35,2,0,1,1,0,22,167,47,1,3,4,0,0,40,11,1,0,1,3,58,44,7,46,28,38,9,9,15,10,6,167,40,29,5,0,0,0,7,167,22,0,0,1,1,2,16,37,22,0,0,0,14,21,4,92,27,7,1,0,0,1,14,111,63,13,2,0,0,0,6,167,59,0,0,0,1,3,9
162,12,3,0,135,5,0,0,0,0,0,2,141,6,0,0,0,0,0,5,141,11,0,0,0,0,0,1,137,4,0,0,0,0,0,12,112,9,0,0,0,0,0,0,141,11,0,0,0,0,0,2,141,9,0,0,0,0,0,1,141,13,0,0,0,0,0,0,32,5,0,0,0,0,0,0,141,9,0,0,0,0,0,7,141,8,0,0,0,0,0,7,141,24,0,0,0,0,0,0,1,0,0,0,0,0,0,0,98,10,0,0,0,0,0,1,141,19,0,0,0,0,0,1,131,34,0,0,0,0,0,0
180,157,3,0,5,0,0,0,0,0,63,56,30,45,5,0,2,26,55,25,113,90,11,3,5,18,32,26,40,17,4,1,4,43,98,88,35,4,27,14,3,4,28,26,114,114,24,17,11,2,8,37,31,42,24,71,114,31,59,32,26,4,5,6,16,30,75,46,18,15,114,69,11,4,2,3,114,16,19,33,25,17,83,113,16,3,1,30,108,65,114,47,99,16,9,12,18,4,8,21,0,1,20,114,58,31,8,1,4,1,0,14,54,53,31,11,15,10,0,0,2,5,48,35,62,6,0,0,0,1,10,33
186,20,3,0,122,0,0,0,0,0,0,16,133,4,0,0,0,0,0,6,133,7,0,0,0,0,0,10,133,0,0,0,0,0,0,24,133,4,0,0,0,0,0,8,133,7,0,0,0,0,0,6,133,12,0,0,0,0,0,5,133,0,0,0,0,0,0,27,124,12,0,0,0,0,0,1,133,4,0,0,0,0,0,12,133,13,0,0,0,0,0,5,133,6,0,0,0,0,0,13,57,8,0,0,0,0,0,0,133,16,0,0,0,0,0,0,133,16,0,0,0,0,0,0,108,11,0,0,0,0,0,2
189,161,3,0,26,6,0,0,61,117,106,90,5,1,0,9,94,117,32,23,2,8,22,29,117,36,5,3,35,28,38,3,11,3,1,3,3,4,1,0,1,91,117,46,21,5,2,0,5,60,90,70,98,117,105,9,29,34,29,24,10,51,117,73,17,28,18,5,4,51,27,3,0,2,9,7,40,25,25,12,0,0,8,9,117,33,9,1,1,31,63,69,48,24,15,12,10,88,101,31,1,35,30,15,8,1,0,0,8,42,59,12,0,0,0,0,19,56,78,5,4,7,6,5,18,30,41,10,14,8,7,10
215,214,3,1,0,1,0,8,19,15,9,7,19,17,7,16,24,3,1,2,119,77,3,0,2,5,0,3,19,25,6,1,70,126,0,0,2,0,2,6,6,10,10,10,22,15,7,4,2,2,16,13,127,26,1,0,24,30,6,47,8,2,0,0,132,132,3,6,4,16,7,3,1,17,12,1,16,72,16,0,0,10,27,4,47,34,6,0,32,112,60,11,2,0,0,0,132,132,8,1,3,13,40,23,17,52,6,0,6,12,2,0,3,132,132,2,0,0,0,0,2,132,132,2,0,0,0,0,14,132,55,4
218,180,3,0,10,14,25,9,0,2,7,9,61,24,11,9,0,1,16,28,71,55,61,37,8,6,5,19,7,6,62,76,18,16,7,14,1,4,10,13,5,16,44,12,91,8,5,5,1,9,70,39,140,37,16,47,63,7,4,42,7,9,28,80,93,38,29,2,2,3,11,69,51,12,11,2,137,17,1,11,12,7,17,21,140,53,6,46,31,5,21,116,14,10,35,140,104,11,17,22,0,0,0,26,46,13,10,1,65,17,3,21,19,0,0,18,140,91,12,0,1,1,15,119,20,48,41,63,41,3,14,29
225,219,3,0,123,68,1,0,0,0,0,2,150,134,10,7,11,1,0,8,2,20,7,20,41,29,0,0,1,10,7,2,7,6,0,0,141,34,0,0,0,0,0,32,150,17,5,18,6,0,0,69,24,7,9,111,63,3,0,1,2,3,4,11,22,10,8,11,139,21,0,0,0,0,0,17,150,36,1,3,6,0,0,8,51,5,1,43,145,9,0,0,3,4,2,25,67,6,2,6,90,71,0,0,0,0,0,0,150,48,0,0,5,11,1,3,26,2,0,4,62,97,2,2,5,18,4,6,25,22,1,0
238,134,3,0,6,1,2,1,26,38,7,6,83,4,0,0,22,19,3,68,116,15,0,0,13,20,22,142,11,3,0,0,112,142,24,33,6,3,3,5,11,36,25,4,87,11,3,1,6,12,9,31,142,34,1,1,70,19,1,26,20,5,1,1,142,102,2,7,4,2,2,8,6,21,31,17,95,11,0,4,3,12,10,25,142,18,0,0,98,24,7,45,16,1,0,7,142,40,2,4,1,0,0,0,1,9,28,40,44,2,0,1,0,4,32,50,99,5,0,0,26,36,21,78,1,0,0,11,102,42,7,3
246,126,3,0,10,0,0,0,0,0,0,3,17,15,2,1,2,0,0,1,1,3,3,13,43,2,0,0,0,2,22,13,7,0,0,0,57,3,0,0,1,1,2,30,162,88,26,25,6,0,0,27,15,25,31,162,143,1,0,0,1,11,35,54,32,0,0,2,51,5,0,9,23,2,2,19,162,16,4,12,18,0,0,68,75,8,6,97,162,0,0,5,3,11,6,27,98,2,1,3,35,15,3,28,15,0,0,1,162,35,1,7,12,1,0,16,87,6,0,52,162,7,1,4,0,4,6,50,76,3,1,0
245,212,3,0,0,0,0,0,0,0,0,0,1,0,0,0,2,0,1,21,1,0,0,2,102,20,10,38,0,0,0,6,140,18,0,1,16,2,1,8,15,4,1,10,20,2,0,0,43,43,15,63,83,8,0,30,140,23,22,130,2,0,0,75,140,25,0,0,8,2,1,4,20,25,22,19,43,18,1,3,64,43,7,19,140,52,2,45,54,2,1,53,8,2,1,140,140,1,0,6,7,5,5,2,1,11,17,17,11,2,7,11,15,27,8,28,73,4,2,7,7,1,10,140,10,0,0,140,123,4,19,48
251,149,3,0,0,0,0,0,0,0,0,0,6,17,9,0,0,0,6,10,18,48,104,21,3,13,67,37,96,101,50,14,2,6,34,41,0,0,0,0,0,0,0,0,59,31,5,0,0,0,5,38,128,80,110,27,1,10,12,63,83,75,102,38,7,21,20,22,1,6,0,0,0,0,0,0,63,128,31,0,0,0,1,8,128,106,34,5,4,16,17,40,97,14,14,11,8,21,24,62,3,7,32,16,0,0,0,1,52,121,128,41,0,1,1,5,24,35,128,84,1,6,8,18,22,26,97,35,10,3,9,26
18,78,4,0,106,1,0,14,117,6,0,9,111,7,3,0,0,0,0,4,131,11,0,0,0,0,0,14,115,32,0,0,0,0,0,38,131,0,0,14,131,1,0,13,131,8,3,1,0,0,0,8,131,2,0,0,0,0,0,22,91,0,0,0,0,0,0,98,131,0,0,6,131,3,0,16,131,12,2,0,0,0,0,12,131,12,0,0,0,0,0,4,107,2,0,0,0,0,0,19,48,0,0,3,101,0,0,3,67,5,1,0,0,0,0,2,51,3,0,0,0,0,0,0,27,0,0,0,0,0,0,1
27,23,4,0,98,20,0,0,0,0,0,0,91,117,40,11,0,0,0,0,37,33,43,38,3,0,0,0,14,6,3,134,134,0,0,0,134,10,0,0,0,0,0,1,134,74,22,23,11,2,1,10,39,19,26,104,104,11,1,3,33,18,2,84,70,0,0,0,130,15,0,0,0,0,0,8,134,32,1,1,7,15,21,118,29,9,1,7,73,76,27,31,46,24,2,18,21,1,0,6,19,77,12,0,0,0,0,0,41,134,66,16,15,2,2,16,10,9,10,14,40,15,4,13,29,1,0,1,1,0,0,22
27,221,4,1,0,0,0,4,15,137,125,1,8,5,5,3,10,137,112,3,2,12,35,12,14,82,21,2,1,3,8,7,16,21,9,7,8,0,1,3,30,137,105,8,137,40,12,4,3,39,33,25,22,24,45,40,53,4,0,1,0,0,3,14,112,28,3,0,26,4,3,10,117,39,4,10,137,16,0,1,7,12,11,57,24,3,0,4,55,70,19,15,0,0,0,1,137,86,1,0,14,12,2,5,29,3,0,0,107,33,2,4,5,8,5,8,5,0,0,3,27,60,16,3,0,0,0,0,84,86,0,0
33,146,4,0,36,53,1,0,0,0,15,73,121,22,0,0,0,0,6,121,84,8,23,21,1,0,0,52,3,18,55,28,0,0,0,0,7,121,121,1,0,0,0,0,121,72,56,15,0,0,0,41,121,16,6,2,0,0,0,89,41,14,38,12,1,0,0,3,7,30,116,8,2,20,61,12,32,34,55,51,9,6,34,17,121,74,5,3,0,0,0,5,62,16,2,0,9,11,0,1,9,13,5,5,8,62,121,28,80,22,2,0,1,4,59,113,121,28,0,0,0,0,4,92,25,5,0,0,13,54,5,13
39,236,4,0,11,3,0,0,0,0,0,1,134,63,0,0,0,0,0,4,86,87,8,3,1,0,1,4,4,21,10,50,121,7,1,3,43,19,18,1,0,0,0,6,134,66,10,0,0,0,0,19,134,73,6,4,1,0,1,22,24,18,12,95,134,9,4,9,75,72,37,6,4,1,0,0,134,78,43,2,0,0,0,23,114,5,0,0,0,10,33,76,18,29,8,12,68,42,61,24,127,36,10,13,7,10,0,0,67,63,27,6,0,0,0,4,26,33,16,11,2,13,19,15,83,134,17,1,1,10,14,5
62,118,3,0,1,0,0,0,0,0,114,91,13,7,4,7,1,2,114,64,79,42,8,3,0,0,21,39,61,74,10,0,0,0,0,1,42,0,0,0,0,0,16,74,116,63,0,0,0,0,8,40,116,116,0,0,0,0,1,21,86,57,0,0,0,0,12,23,76,3,0,0,0,0,1,24,116,6,0,0,0,0,6,116,59,11,0,0,0,0,49,116,15,1,0,0,0,0,116,91,15,1,0,0,0,0,10,34,18,0,0,0,0,0,38,116,0,0,0,0,0,0,116,111,0,0,0,0,0,0,116,76
70,13,4,0,105,1,0,0,0,0,0,5,144,2,0,0,0,0,0,7,144,7,0,0,0,0,0,1,144,13,3,32,7,0,0,1,68,2,0,0,0,0,0,3,144,8,0,0,0,0,0,9,144,24,0,0,0,0,0,1,144,13,0,0,0,0,0,0,15,1,0,0,0,0,0,0,144,3,0,0,0,0,0,15,144,5,0,0,0,0,0,20,144,19,0,0,0,0,0,1,0,0,0,0,0,0,0,0,67,0,0,0,0,0,0,8,144,1,0,0,0,0,0,21,144,90,7,0,0,0,0,3
87,20,4,0,103,1,0,0,0,0,0,3,129,4,0,0,0,0,0,2,130,7,1,7,2,0,0,6,31,6,5,130,130,0,0,1,112,2,0,0,0,0,0,5,130,4,0,0,0,0,0,2,130,6,0,0,0,0,0,3,113,11,4,118,39,0,0,3,68,1,0,0,0,0,0,3,130,1,0,0,0,0,0,10,130,8,0,0,0,0,0,2,130,11,1,9,1,0,0,0,15,1,0,0,0,0,0,0,124,3,0,0,0,0,0,5,130,11,0,0,0,0,0,3,130,7,0,0,0,0,0,0
142,33,4,0,87,0,0,0,0,0,0,17,92,0,0,0,0,0,0,29,39,5,2,117,36,0,0,9,1,1,7,147,147,0,0,0,118,0,0,0,0,0,0,11,123,3,0,0,0,0,0,21,106,3,1,14,3,0,0,18,17,3,3,147,145,0,0,0,136,4,0,0,0,0,0,4,120,22,0,0,0,0,0,0,125,12,0,0,0,0,0,2,49,8,4,90,32,0,0,0,109,1,0,0,0,0,0,7,109,5,0,0,0,0,0,3,93,5,0,0,0,0,0,2,65,8,1,8,2,0,0,0
154,172,4,0,8,41,25,0,1,55,86,7,33,8,1,0,8,44,105,59,107,78,32,2,4,5,34,113,6,20,53,30,10,14,44,24,2,0,0,0,20,103,101,31,27,1,0,0,0,9,107,122,93,9,1,0,0,0,91,122,8,4,5,2,10,40,122,78,5,1,0,10,80,13,4,11,83,31,0,0,1,0,26,28,122,56,6,0,0,1,5,21,28,18,23,36,27,17,12,7,7,21,53,13,39,5,2,1,55,29,47,15,1,0,0,7,120,21,6,1,0,6,40,86,12,6,3,4,4,36,91,31
154,172,4,0,0,0,0,0,1,116,57,3,33,6,0,0,0,15,74,115,47,15,2,1,0,0,34,116,15,16,38,11,2,18,70,39,3,11,11,17,5,50,9,0,74,32,17,0,0,3,2,40,116,85,3,0,0,0,0,54,96,111,77,42,3,3,4,20,5,45,34,42,22,1,0,0,13,116,104,0,0,0,0,3,116,116,51,8,2,0,0,28,116,14,4,7,3,3,12,105,48,29,8,39,20,0,0,13,59,94,44,2,1,2,16,55,10,18,22,19,35,28,17,13,27,1,1,3,7,29,96,94
153,240,4,0,0,0,0,0,0,0,4,6,26,7,1,0,0,0,25,74,15,3,1,1,8,22,41,64,11,3,0,0,5,25,102,42,27,6,0,0,0,0,5,19,126,30,0,0,0,2,25,107,41,10,2,9,40,55,36,19,121,42,6,6,42,26,20,21,39,11,0,0,0,0,0,20,125,19,0,0,0,8,104,100,88,44,3,0,4,51,126,41,126,126,40,1,6,8,6,5,6,3,3,31,6,0,0,15,23,78,3,2,0,1,25,32,125,126,0,0,0,0,14,6,126,126,2,0,0,0,0,2
172,214,4,0,17,9,1,4,9,18,6,10,158,21,0,0,0,0,0,78,158,1,0,1,4,4,5,119,5,0,0,4,46,14,4,3,65,4,0,0,0,19,13,20,158,8,0,0,0,0,0,59,158,16,0,1,4,0,0,47,20,4,4,19,54,5,0,1,68,20,0,0,0,0,3,8,158,18,0,0,0,0,1,34,158,73,1,3,6,4,0,11,16,8,14,22,17,10,3,7,16,7,2,4,0,0,20,19,158,33,0,0,0,0,12,44,158,29,0,0,4,18,13,31,17,0,0,0,6,33,18,20
180,29,4,0,131,5,0,0,0,0,0,2,132,6,0,0,0,0,0,9,132,0,0,0,0,0,0,23,50,1,1,63,72,0,0,6,132,7,0,0,0,0,0,1,132,12,0,0,0,0,0,3,132,0,0,0,0,0,0,23,102,1,1,25,19,0,0,11,132,12,0,0,0,0,0,0,132,20,0,0,0,0,0,0,132,7,0,0,0,0,0,12,132,1,0,3,2,0,0,10,112,20,0,0,0,0,0,0,132,23,0,0,0,0,0,0,132,19,0,0,0,0,0,1,114,4,0,0,0,0,0,2
12,217,5,1,0,0,0,16,52,157,55,0,1,0,0,0,11,157,157,2,31,14,7,2,1,157,117,11,4,8,29,21,13,33,9,0,0,0,0,7,29,157,20,0,19,1,0,8,113,138,36,9,157,21,3,1,9,21,17,37,21,9,8,15,58,35,5,6,0,0,0,1,7,2,0,0,22,17,1,3,62,20,0,1,146,39,1,1,7,10,10,21,8,0,0,0,38,93,17,7,0,0,0,0,0,0,0,0,2,4,0,0,0,0,0,0,12,16,1,2,9,7,0,0,0,0,0,1,51,51,0,0
15,105,4,1,150,66,0,0,0,0,0,0,150,80,0,0,0,0,0,23,150,79,0,0,0,0,0,20,63,33,7,13,4,0,0,0,150,72,0,0,0,0,0,1,150,17,0,0,0,0,0,57,150,4,0,0,0,0,0,57,111,4,0,2,6,1,1,8,105,57,0,0,0,0,0,0,150,61,0,0,0,0,0,2,150,54,0,0,0,0,0,12,87,2,0,0,1,8,7,22,4,1,0,0,0,0,0,0,21,10,0,0,0,0,0,0,48,18,0,0,0,0,0,1,16,1,0,0,1,5,1,6
40,59,5,0,0,0,0,1,99,9,0,0,70,3,0,5,129,4,0,0,157,7,0,1,7,1,0,8,34,4,1,0,4,9,2,4,0,0,0,1,141,12,0,0,80,2,0,1,143,9,0,3,157,7,0,0,9,1,1,31,45,2,0,0,0,7,10,21,0,0,0,0,129,19,0,0,66,8,0,4,117,8,0,7,157,23,0,1,7,2,1,54,29,0,0,0,5,25,11,15,0,0,0,0,86,26,0,0,19,0,0,0,74,30,1,19,157,0,0,0,8,5,2,139,32,0,0,0,7,19,3,29
44,194,5,0,23,10,22,56,2,0,0,19,156,81,2,1,0,0,1,19,156,26,0,0,0,3,44,59,11,1,0,0,0,5,72,27,29,15,10,43,17,17,8,5,156,92,3,4,1,0,0,9,123,33,6,0,0,0,13,22,53,48,1,0,0,0,6,8,50,7,0,0,2,20,10,12,156,17,0,0,0,0,0,91,148,64,10,0,0,0,0,40,32,65,8,3,1,0,3,10,20,5,2,2,1,3,7,15,156,13,0,0,0,0,3,75,156,45,4,0,0,0,6,29,4,15,8,7,3,0,7,10
51,160,6,0,1,4,8,1,1,94,99,14,19,6,0,0,0,7,128,58,7,5,0,1,1,8,92,89,0,0,0,15,24,65,91,12,33,0,0,0,0,80,85,61,128,24,0,0,6,5,24,61,33,18,2,4,78,72,49,20,16,8,2,24,46,72,75,12,110,26,2,0,0,6,14,97,128,32,4,4,3,6,31,42,23,20,17,20,62,32,39,17,24,38,14,42,60,12,27,10,128,15,0,0,0,0,10,128,99,47,9,9,0,5,28,60,14,15,7,16,29,10,21,20,1,0,0,22,59,34,60,8
72,246,5,0,4,0,2,17,19,40,75,18,21,29,7,14,19,41,76,23,40,13,0,0,28,94,97,41,48,2,1,1,23,41,46,38,0,0,0,2,11,133,133,29,13,1,1,0,0,133,133,29,133,32,0,0,3,83,133,64,64,19,1,3,19,90,53,18,1,0,0,0,0,91,133,50,35,16,18,1,0,87,111,18,133,19,7,0,4,13,10,14,22,3,0,0,17,62,21,0,0,0,0,0,0,4,9,4,1,0,0,0,0,0,1,0,0,0,0,0,0,0,0,0,0,0,0,0,0,0,0,0
72,246,5,0,0,0,0,0,0,0,0,0,51,51,5,2,0,0,0,1,131,131,1,0,0,0,0,44,98,18,1,0,0,8,22,93,0,0,0,0,0,0,0,0,67,17,29,32,18,7,0,9,131,88,10,6,3,1,0,34,84,60,7,3,2,4,13,15,0,0,1,1,0,0,0,2,17,11,131,131,3,1,1,20,131,80,85,70,0,0,0,23,78,51,20,40,15,4,12,33,15,0,0,0,0,0,0,8,125,7,15,33,0,0,3,59,35,22,91,48,0,0,4,33,131,131,33,10,1,0,3,30
91,188,5,0,142,23,1,1,0,1,3,40,142,49,2,0,0,0,7,29,11,18,9,7,4,0,12,22,2,9,5,4,5,11,5,5,142,136,4,3,0,0,0,3,142,67,6,9,2,5,44,43,82,4,1,2,4,2,36,81,18,1,0,2,51,30,6,8,142,80,7,1,0,0,0,10,105,62,39,87,34,8,6,11,104,10,5,17,18,9,11,65,16,0,0,1,56,74,13,17,142,14,0,0,0,0,5,74,87,3,2,12,46,40,29,58,17,26,7,6,30,15,7,37,6,10,2,16,40,32,7,11
104,201,5,0,27,15,6,8,1,1,4,14,158,132,4,3,0,0,1,8,130,33,1,3,1,3,41,48,39,2,0,1,8,2,13,38,67,18,18,1,0,0,4,14,158,128,14,11,1,0,0,10,75,48,32,80,33,7,11,17,86,7,1,3,15,16,11,50,74,17,1,1,0,0,8,29,158,23,1,2,2,5,13,119,62,8,5,22,72,52,29,51,21,27,6,7,22,15,9,44,27,1,0,0,0,13,36,32,158,19,1,1,0,0,15,107,71,17,6,7,2,7,16,32,22,32,4,2,9,15,5,5
112,184,5,0,74,140,12,1,0,0,0,2,42,140,85,37,40,6,2,1,53,80,15,17,24,4,11,55,51,28,3,1,3,7,2,25,140,140,3,0,0,2,13,31,70,67,9,18,57,112,47,27,110,93,6,10,26,29,15,23,26,42,0,0,9,86,33,8,74,140,14,12,10,1,6,17,23,50,58,9,6,26,18,14,52,25,34,7,29,46,41,24,13,10,0,0,5,83,78,12,32,25,1,4,15,15,18,20,16,28,17,0,1,21,60,27,3,6,11,7,54,90,19,1,47,39,3,1,11,19,7,3
112,184,5,0,24,43,20,8,1,3,4,8,11,43,29,24,37,14,0,2,1,2,12,49,98,13,12,13,0,1,17,143,143,6,1,0,83,13,2,9,8,7,6,53,29,9,5,20,40,70,9,19,67,49,38,58,34,13,5,12,5,11,23,143,143,4,0,2,64,64,7,15,14,0,0,9,38,52,38,92,39,5,1,7,71,13,9,49,48,14,31,78,8,3,2,65,143,63,26,30,56,33,26,16,2,0,0,2,56,17,5,40,60,0,0,8,1,7,54,69,70,6,9,10,1,4,12,20,143,62,7,5
126,156,5,2,8,19,29,12,25,31,7,10,27,77,37,18,11,9,9,3,5,27,58,112,7,3,8,3,2,78,120,29,2,0,0,0,69,26,38,22,12,0,0,17,17,13,22,40,99,43,30,19,120,85,12,6,8,13,26,45,22,95,49,17,33,44,8,2,120,10,0,8,20,4,0,18,34,20,8,65,120,19,1,5,120,89,15,17,17,16,6,40,36,18,6,28,34,112,34,17,97,28,4,8,10,4,0,8,23,57,26,49,67,13,0,2,68,120,39,24,13,1,0,1,21,30,25,109,90,14,2,6
150,141,5,0,61,6,6,43,54,16,10,115,41,3,0,78,54,13,27,95,3,1,1,72,60,13,8,2,2,0,0,12,36,1,0,2,28,36,47,79,80,25,6,22,40,24,12,6,64,85,65,38,60,28,27,37,39,40,40,15,3,4,13,41,55,7,0,0,3,5,5,2,15,68,115,77,54,5,2,3,88,113,91,35,115,36,9,34,29,19,16,53,11,6,5,73,115,26,11,8,10,2,8,4,6,32,67,39,80,32,1,0,4,18,53,35,72,8,0,1,8,16,114,75,4,1,0,2,36,47,83,22
158,143,5,0,40,35,41,65,52,7,2,34,40,17,6,9,23,56,67,51,13,8,11,28,53,43,42,9,3,3,9,17,22,3,0,2,8,17,20,12,28,37,85,59,32,7,6,5,119,117,47,18,119,56,20,33,19,21,15,21,12,13,15,93,93,6,0,1,4,0,0,0,2,32,119,100,79,20,0,0,17,76,108,41,119,20,0,7,10,14,66,103,16,3,0,32,119,67,69,28,29,12,35,13,1,7,13,20,83,46,4,2,10,12,21,24,23,8,1,0,9,18,101,46,6,6,3,0,3,22,80,25
237,182,5,1,0,0,19,29,11,0,0,0,19,19,5,15,8,0,0,0,42,24,0,0,0,0,0,0,1,0,0,0,0,0,0,0,0,1,13,24,21,9,3,4,74,46,20,23,5,0,1,8,132,60,1,0,0,3,13,95,23,2,0,0,0,9,36,40,11,45,6,2,24,58,10,13,44,132,62,9,5,3,2,16,70,53,44,22,34,7,28,97,79,132,17,1,8,18,79,67,15,132,41,1,4,12,0,0,15,132,58,10,64,63,1,0,64,45,14,19,75,55,10,7,132,132,12,4,83,132,12,17
10,181,6,0,0,0,0,0,0,0,0,0,0,0,0,0,0,0,0,0,0,0,0,0,0,0,0,0,0,0,0,0,0,0,0,0,61,1,0,1,0,0,0,43,171,15,0,0,0,0,0,18,86,4,1,6,2,1,18,17,1,9,10,6,1,0,6,3,167,68,13,31,1,0,0,32,171,114,0,0,0,0,10,60,94,2,0,1,0,1,133,114,14,6,3,1,0,0,39,96,161,86,6,15,4,3,2,1,171,101,0,0,0,0,3,16,57,46,0,0,0,0,19,38,39,42,0,0,0,2,4,34
17,150,6,0,67,148,95,0,0,0,0,21,41,148,14,1,5,2,1,38,0,0,0,1,5,1,0,0,0,0,0,0,0,0,0,0,111,91,29,0,0,0,0,77,148,20,4,4,6,2,2,144,17,7,37,25,7,1,0,5,0,2,8,0,0,0,0,0,20,79,133,1,0,0,5,5,148,77,29,1,0,0,0,9,69,37,47,8,7,5,0,0,0,2,15,4,28,65,0,0,18,8,16,4,2,4,47,40,117,45,6,0,0,0,5,43,46,22,1,1,24,68,5,6,0,0,0,0,82,148,0,0
28,167,7,0,3,103,132,4,8,6,3,5,9,132,132,5,8,2,0,0,13,132,132,0,0,0,0,0,0,3,2,0,0,0,0,0,0,132,132,14,0,0,0,0,65,132,132,3,0,0,0,14,117,98,37,1,3,3,0,53,3,2,2,4,5,3,0,2,7,22,76,27,4,0,2,2,19,37,127,15,0,0,4,9,102,71,22,5,0,0,0,10,10,10,23,17,2,1,0,0,11,4,2,7,5,5,15,13,41,12,10,6,1,2,18,38,54,62,5,1,0,6,3,7,4,8,6,3,6,69,5,0
46,211,6,0,31,7,11,23,2,0,0,16,20,14,26,77,5,0,0,9,156,90,5,4,0,0,0,12,156,21,0,0,0,0,23,49,56,1,1,1,0,1,6,86,42,14,5,22,10,15,20,19,156,90,2,3,1,0,0,9,121,43,0,0,0,0,2,14,80,3,0,0,0,0,2,40,76,2,0,0,0,3,11,28,156,12,0,0,0,0,0,61,151,71,4,0,0,0,0,10,62,6,6,0,0,0,0,14,48,15,3,2,0,0,2,14,156,62,0,0,0,0,0,23,135,20,1,0,0,0,8,41
72,209,7,0,23,0,1,3,1,4,12,63,147,11,2,5,3,8,9,29,159,26,0,0,0,0,0,47,49,50,1,0,0,0,1,6,73,1,0,0,0,0,2,38,127,6,1,0,0,1,5,61,159,23,0,0,0,0,2,93,58,26,6,1,0,0,9,33,51,16,23,0,0,0,0,22,145,46,4,1,0,0,1,18,159,97,7,4,0,0,8,33,60,5,6,5,2,1,20,77,12,9,15,0,0,0,2,19,153,16,2,0,0,0,1,21,159,44,10,11,8,3,3,57,23,8,8,15,23,10,9,30
77,143,6,0,47,1,0,3,2,0,0,67,52,40,52,35,12,0,0,17,127,67,35,15,4,0,0,9,25,5,37,126,39,1,2,4,101,6,0,1,1,0,0,28,127,65,56,2,0,0,0,22,62,72,93,7,1,7,5,6,20,11,16,28,6,14,10,4,63,109,11,0,0,0,0,2,127,94,21,0,0,5,3,28,57,36,25,6,5,34,22,22,22,32,22,25,43,13,5,5,123,127,21,0,0,0,0,5,42,127,127,2,0,0,0,1,13,56,127,30,3,2,0,0,10,26,12,24,71,25,0,0
99,171,6,0,133,133,5,1,0,0,0,8,133,113,7,2,0,0,0,76,19,11,15,8,2,10,6,16,4,3,12,8,9,21,17,12,133,133,39,38,21,8,2,11,133,50,7,20,12,12,5,67,45,8,0,0,19,111,32,26,1,0,3,1,11,72,50,57,133,43,7,9,26,51,28,43,70,28,11,6,25,55,29,59,24,4,0,0,17,133,59,28,18,4,0,0,26,53,30,34,60,50,9,1,0,4,13,17,9,31,18,6,54,47,18,5,55,11,4,5,52,38,8,8,35,6,0,0,46,15,1,4
99,171,6,0,36,25,12,3,3,5,8,42,24,13,10,22,49,20,3,27,47,27,46,112,27,7,6,25,3,3,17,133,133,6,5,5,31,6,12,64,9,3,5,44,111,41,40,30,12,6,3,41,29,12,54,113,33,11,30,31,1,1,21,133,133,28,31,9,31,18,23,35,7,0,0,30,133,54,35,13,1,0,0,22,41,8,55,120,16,1,1,13,0,2,82,133,116,3,1,0,99,15,8,0,0,0,0,38,59,46,49,1,0,5,2,13,20,13,12,8,4,10,6,5,0,0,8,34,78,26,4,0
101,154,6,0,15,18,16,43,15,13,10,12,63,6,7,24,10,9,17,126,50,26,53,37,46,18,8,46,45,12,39,63,23,13,36,58,15,6,18,70,6,0,2,84,94,27,38,113,10,0,1,30,126,67,45,41,2,0,0,44,18,10,80,126,30,4,10,10,27,0,0,3,2,0,3,126,102,66,62,22,4,0,0,59,126,105,78,4,0,0,0,35,50,12,35,48,3,6,3,16,33,2,0,2,1,0,2,29,126,21,6,0,0,0,0,94,87,41,44,2,4,18,8,39,23,17,13,7,6,13,9,8
134,18,6,0,127,1,0,0,0,0,0,19,145,0,0,0,0,0,0,29,87,5,4,83,19,0,0,12,4,2,4,145,137,0,0,0,93,5,0,0,0,0,0,5,145,4,0,0,0,0,0,10,145,12,2,7,0,0,0,2,34,10,8,145,94,0,0,0,16,2,0,0,0,0,0,0,145,8,0,0,0,0,0,6,145,3,0,0,0,0,0,11,92,12,7,69,21,0,0,3,0,0,0,0,0,0,0,0,34,3,0,0,0,0,0,1,120,2,0,0,0,0,0,17,105,1,1,3,0,0,0,18
195,226,7,0,5,0,0,0,1,7,38,31,138,0,0,0,0,2,8,115,147,1,2,6,3,0,1,109,9,1,27,32,9,1,3,4,12,4,10,1,0,0,9,12,139,9,4,0,0,0,3,93,147,21,0,0,0,1,10,138,21,1,3,4,10,4,23,42,1,3,11,2,0,0,0,1,126,65,17,1,0,0,1,22,147,108,6,5,0,0,1,44,24,9,8,20,5,1,3,20,1,0,0,0,0,0,0,2,94,5,0,0,0,0,0,43,147,6,2,4,0,0,0,147,47,4,8,33,17,0,0,32
29,167,7,0,10,135,40,24,20,0,0,0,82,167,13,0,0,0,0,1,38,84,0,0,0,0,0,5,0,0,0,0,0,0,0,0,23,167,50,1,0,0,0,0,132,167,21,0,0,0,0,34,115,41,2,0,0,0,1,87,10,9,13,1,1,0,0,3,27,167,56,0,0,0,0,0,27,129,67,0,0,0,1,8,123,60,11,0,0,0,1,21,53,18,9,1,16,12,0,2,41,44,14,0,0,1,5,3,4,17,10,0,2,4,20,15,45,9,1,0,0,2,17,73,26,1,0,0,18,52,20,28
79,122,8,0,8,2,1,0,0,0,3,44,23,12,12,13,0,0,1,55,99,63,13,8,0,0,0,9,18,10,40,60,13,1,0,1,19,0,0,0,0,0,2,119,81,10,0,0,0,0,2,69,127,57,2,0,0,0,2,55,20,27,7,15,20,1,2,5,48,0,0,0,0,0,0,127,127,45,0,0,0,0,0,93,127,127,21,0,0,0,0,26,12,60,75,29,6,0,0,3,58,4,12,29,0,0,0,123,127,3,0,0,0,0,0,127,127,26,4,0,0,0,10,127,11,9,27,11,1,0,23,88
156,70,11,0,0,0,0,2,81,16,0,0,17,0,0,0,157,26,0,1,157,8,0,0,29,10,1,15,29,0,0,0,11,39,2,7,0,0,0,2,107,11,1,0,33,0,0,0,157,34,1,3,157,3,0,0,33,14,3,20,21,0,0,0,19,64,2,5,3,0,0,1,96,26,7,7,41,3,0,2,157,15,0,0,157,11,0,1,40,11,1,7,12,0,0,0,41,61,0,2,4,0,0,0,59,24,3,5,32,3,0,3,157,14,0,0,157,8,0,1,33,10,0,4,4,0,0,0,50,43,0,1
156,70,11,0,56,36,0,1,7,0,0,0,38,7,0,8,157,2,0,3,157,9,0,0,23,1,0,12,52,18,4,7,4,0,0,0,49,53,0,3,13,0,0,0,42,8,1,15,157,3,0,3,157,5,0,1,37,1,0,13,97,19,6,7,3,0,0,2,25,60,2,6,16,0,0,0,31,12,3,36,157,0,0,0,157,14,1,6,36,0,0,1,116,5,1,0,0,0,0,4,14,39,2,7,18,0,0,0,21,9,1,25,157,2,0,0,157,12,0,2,26,0,0,2,90,13,0,0,0,0,0,4
165,174,10,0,0,3,139,166,1,1,0,0,0,3,166,166,0,0,0,0,1,32,166,35,0,0,0,0,3,57,166,7,0,0,0,0,5,7,23,8,0,3,30,43,6,6,93,37,4,36,37,15,59,31,166,11,0,3,7,24,11,36,166,8,0,0,3,5,2,15,22,0,0,0,14,16,10,40,24,0,0,11,16,7,81,36,8,0,0,0,7,19,24,9,4,0,0,0,20,38,3,12,15,1,0,0,11,14,13,31,16,0,0,0,10,15,13,12,10,0,0,1,17,9,8,5,1,0,0,0,26,15
30,34,14,0,0,0,0,0,37,4,0,0,9,2,0,0,6,1,0,0,2,0,0,0,0,0,0,0,0,0,0,0,0,0,0,0,7,0,0,0,157,95,3,0,157,43,0,0,77,27,2,8,80,10,0,0,0,41,36,10,0,0,0,0,0,3,5,0,17,0,0,0,157,157,19,9,157,9,0,0,42,56,18,98,48,1,0,0,0,123,39,28,0,0,0,0,0,5,2,0,30,4,0,0,157,118,4,4,157,21,0,0,17,34,11,44,18,0,0,0,0,60,14,11,0,0,0,0,0,0,0,0
164,117,19,0,11,2,0,2,1,0,0,0,58,7,1,0,0,0,0,3,14,12,7,0,12,2,0,1,2,0,0,0,145,36,0,0,33,24,3,16,14,0,0,2,145,15,3,6,8,0,0,16,40,24,41,19,21,0,0,0,0,1,8,105,145,15,0,0,9,27,13,39,27,0,0,0,145,8,1,22,19,0,0,16,108,58,34,20,5,0,0,4,0,10,19,145,145,0,0,0,0,8,21,53,16,0,0,0,145,38,12,51,15,0,0,2,129,125,16,15,9,0,0,1,0,14,12,73,145,0,0,0
